avg_points_last_5,avg_minutes_last_5,goals_last_5,assists_last_5,season_points,season_minutes,points_per_game,position,team,price,selected_by_percent
4.2,90.0,0,0,55,1080,4.6,1,1,5.9,31.9
4.2,90.0,0,0,55,1080,4.6,1,1,5.9,31.9
4.2,90.0,0,0,55,1080,4.6,1,1,5.9,31.9
4.2,90.0,0,0,55,1080,4.6,1,1,5.9,31.9
4.2,90.0,0,0,55,1080,4.6,1,1,5.9,31.9
4.2,90.0,0,0,55,1080,4.6,1,1,5.9,31.9
4.2,90.0,0,0,55,1080,4.6,1,1,5.9,31.9
0.0,0.0,0,0,0,0,0.0,1,1,4.2,0.4
0.0,0.0,0,0,0,0,0.0,1,1,4.2,0.4
0.0,0.0,0,0,0,0,0.0,1,1,4.2,0.4
0.0,0.0,0,0,0,0,0.0,1,1,4.2,0.4
0.0,0.0,0,0,0,0,0.0,1,1,4.2,0.4
0.0,0.0,0,0,0,0,0.0,1,1,4.2,0.4
0.0,0.0,0,0,0,0,0.0,1,1,4.2,0.4
0.0,0.0,0,0,0,0,0.0,1,1,4.0,0.3
0.0,0.0,0,0,0,0,0.0,1,1,4.0,0.3
0.0,0.0,0,0,0,0,0.0,1,1,4.0,0.3
0.0,0.0,0,0,0,0,0.0,1,1,4.0,0.3
0.0,0.0,0,0,0,0,0.0,1,1,4.0,0.3
0.0,0.0,0,0,0,0,0.0,1,1,4.0,0.3
0.0,0.0,0,0,0,0,0.0,1,1,4.0,0.3
0.0,0.0,0,0,0,0,0.0,1,1,4.0,0.2
0.0,0.0,0,0,0,0,0.0,1,1,4.0,0.2
0.0,0.0,0,0,0,0,0.0,1,1,4.0,0.2
0.0,0.0,0,0,0,0,0.0,1,1,4.0,0.2
0.0,0.0,0,0,0,0,0.0,1,1,4.0,0.2
0.0,0.0,0,0,0,0,0.0,1,1,4.0,0.2
0.0,0.0,0,0,0,0,0.0,1,1,4.0,0.2
6.8,72.0,0,2,81,990,7.4,2,1,6.4,25.5
6.8,72.0,0,2,81,990,7.4,2,1,6.4,25.5
6.8,72.0,0,2,81,990,7.4,2,1,6.4,25.5
6.8,72.0,0,2,81,990,7.4,2,1,6.4,25.5
6.8,72.0,0,2,81,990,7.4,2,1,6.4,25.5
6.8,72.0,0,2,81,990,7.4,2,1,6.4,25.5
6.8,72.0,0,2,81,990,7.4,2,1,6.4,25.5
3.2,81.0,0,0,41,814,3.7,2,1,6.0,12.8
3.2,81.0,0,0,41,814,3.7,2,1,6.0,12.8
3.2,81.0,0,0,41,814,3.7,2,1,6.0,12.8
3.2,81.0,0,0,41,814,3.7,2,1,6.0,12.8
3.2,81.0,0,0,41,814,3.7,2,1,6.0,12.8
3.2,81.0,0,0,41,814,3.7,2,1,6.0,12.8
3.2,81.0,0,0,41,814,3.7,2,1,6.0,12.8
4.2,84.4,0,0,63,946,5.2,2,1,5.8,14.5
4.2,84.4,0,0,63,946,5.2,2,1,5.8,14.5
4.2,84.4,0,0,63,946,5.2,2,1,5.8,14.5
4.2,84.4,0,0,63,946,5.2,2,1,5.8,14.5
4.2,84.4,0,0,63,946,5.2,2,1,5.8,14.5
4.2,84.4,0,0,63,946,5.2,2,1,5.8,14.5
4.2,84.4,0,0,63,946,5.2,2,1,5.8,14.5
4.8,90.0,0,1,72,971,6.0,2,1,6.3,30.5
4.8,90.0,0,1,72,971,6.0,2,1,6.3,30.5
4.8,90.0,0,1,72,971,6.0,2,1,6.3,30.5
4.8,90.0,0,1,72,971,6.0,2,1,6.3,30.5
4.8,90.0,0,1,72,971,6.0,2,1,6.3,30.5
4.8,90.0,0,1,72,971,6.0,2,1,6.3,30.5
4.8,90.0,0,1,72,971,6.0,2,1,6.3,30.5
0.0,0.0,0,0,0,0,0.0,2,1,5.4,0.1
0.0,0.0,0,0,0,0,0.0,2,1,5.4,0.1
0.0,0.0,0,0,0,0,0.0,2,1,5.4,0.1
0.0,0.0,0,0,0,0,0.0,2,1,5.4,0.1
0.0,0.0,0,0,0,0,0.0,2,1,5.4,0.1
0.0,0.0,0,0,0,0,0.0,2,1,5.4,0.1
0.0,0.0,0,0,0,0,0.0,2,1,5.4,0.1
0.6,0.8,0,0,7,87,0.9,2,1,5.1,1.6
0.6,0.8,0,0,7,87,0.9,2,1,5.1,1.6
0.6,0.8,0,0,7,87,0.9,2,1,5.1,1.6
0.6,0.8,0,0,7,87,0.9,2,1,5.1,1.6
0.6,0.8,0,0,7,87,0.9,2,1,5.1,1.6
0.6,0.8,0,0,7,87,0.9,2,1,5.1,1.6
0.6,0.8,0,0,7,87,0.9,2,1,5.1,1.6
0.0,0.0,0,0,6,70,6.0,2,1,5.3,0.4
0.0,0.0,0,0,6,70,6.0,2,1,5.3,0.4
0.0,0.0,0,0,6,70,6.0,2,1,5.3,0.4
0.0,0.0,0,0,6,70,6.0,2,1,5.3,0.4
0.0,0.0,0,0,6,70,6.0,2,1,5.3,0.4
0.0,0.0,0,0,6,70,6.0,2,1,5.3,0.4
0.0,0.0,0,0,6,70,6.0,2,1,5.3,0.4
0.0,0.0,0,0,0,0,0.0,2,1,3.8,0.5
0.0,0.0,0,0,0,0,0.0,2,1,3.8,0.5
0.0,0.0,0,0,0,0,0.0,2,1,3.8,0.5
0.0,0.0,0,0,0,0,0.0,2,1,3.8,0.5
0.0,0.0,0,0,0,0,0.0,2,1,3.8,0.5
0.0,0.0,0,0,0,0,0.0,2,1,3.8,0.5
0.0,0.0,0,0,0,0,0.0,2,1,3.8,0.5
0.0,0.0,0,0,0,0,0.0,2,1,3.9,0.1
0.0,0.0,0,0,0,0,0.0,2,1,3.9,0.1
0.0,0.0,0,0,0,0,0.0,2,1,3.9,0.1
0.0,0.0,0,0,0,0,0.0,2,1,3.9,0.1
0.0,0.0,0,0,0,0,0.0,2,1,3.9,0.1
0.0,0.0,0,0,0,0,0.0,2,1,3.9,0.1
0.0,0.0,0,0,0,0,0.0,2,1,3.9,0.1
0.0,0.0,0,0,0,0,0.0,2,1,3.9,0.2
0.0,0.0,0,0,0,0,0.0,2,1,3.9,0.2
0.0,0.0,0,0,0,0,0.0,2,1,3.9,0.2
0.0,0.0,0,0,0,0,0.0,2,1,3.9,0.2
0.0,0.0,0,0,0,0,0.0,2,1,3.9,0.2
0.0,0.0,0,0,0,0,0.0,2,1,3.9,0.2
0.0,0.0,0,0,0,0,0.0,2,1,3.9,0.2
5.8,85.0,1,0,49,771,4.9,3,1,10.1,17.6
5.8,85.0,1,0,49,771,4.9,3,1,10.1,17.6
5.8,85.0,1,0,49,771,4.9,3,1,10.1,17.6
5.8,85.0,1,0,49,771,4.9,3,1,10.1,17.6
5.8,85.0,1,0,49,771,4.9,3,1,10.1,17.6
5.8,85.0,1,0,49,771,4.9,3,1,10.1,17.6
5.8,85.0,1,0,49,771,4.9,3,1,10.1,17.6
0.0,0.0,0,0,13,201,2.2,3,1,7.8,1.3
0.0,0.0,0,0,13,201,2.2,3,1,7.8,1.3
0.0,0.0,0,0,13,201,2.2,3,1,7.8,1.3
0.0,0.0,0,0,13,201,2.2,3,1,7.8,1.3
0.0,0.0,0,0,13,201,2.2,3,1,7.8,1.3
0.0,0.0,0,0,13,201,2.2,3,1,7.8,1.3
0.0,0.0,0,0,13,201,2.2,3,1,7.8,1.3
0.2,2.4,0,0,11,316,1.8,3,1,6.8,0.6
0.2,2.4,0,0,11,316,1.8,3,1,6.8,0.6
0.2,2.4,0,0,11,316,1.8,3,1,6.8,0.6
0.2,2.4,0,0,11,316,1.8,3,1,6.8,0.6
0.2,2.4,0,0,11,316,1.8,3,1,6.8,0.6
0.2,2.4,0,0,11,316,1.8,3,1,6.8,0.6
0.2,2.4,0,0,11,316,1.8,3,1,6.8,0.6
0.4,6.6,0,0,16,214,2.0,3,1,6.8,0.8
0.4,6.6,0,0,16,214,2.0,3,1,6.8,0.8
0.4,6.6,0,0,16,214,2.0,3,1,6.8,0.8
0.4,6.6,0,0,16,214,2.0,3,1,6.8,0.8
0.4,6.6,0,0,16,214,2.0,3,1,6.8,0.8
0.4,6.6,0,0,16,214,2.0,3,1,6.8,0.8
0.4,6.6,0,0,16,214,2.0,3,1,6.8,0.8
8.0,85.4,3,2,52,719,5.2,3,1,6.9,1.1
8.0,85.4,3,2,52,719,5.2,3,1,6.9,1.1
8.0,85.4,3,2,52,719,5.2,3,1,6.9,1.1
8.0,85.4,3,2,52,719,5.2,3,1,6.9,1.1
8.0,85.4,3,2,52,719,5.2,3,1,6.9,1.1
8.0,85.4,3,2,52,719,5.2,3,1,6.9,1.1
8.0,85.4,3,2,52,719,5.2,3,1,6.9,1.1
6.2,88.2,1,2,71,983,5.9,3,1,6.9,22.3
6.2,88.2,1,2,71,983,5.9,3,1,6.9,22.3
6.2,88.2,1,2,71,983,5.9,3,1,6.9,22.3
6.2,88.2,1,2,71,983,5.9,3,1,6.9,22.3
6.2,88.2,1,2,71,983,5.9,3,1,6.9,22.3
6.2,88.2,1,2,71,983,5.9,3,1,6.9,22.3
6.2,88.2,1,2,71,983,5.9,3,1,6.9,22.3
2.6,51.6,0,2,28,500,2.5,3,1,5.9,1.0
2.6,51.6,0,2,28,500,2.5,3,1,5.9,1.0
2.6,51.6,0,2,28,500,2.5,3,1,5.9,1.0
2.6,51.6,0,2,28,500,2.5,3,1,5.9,1.0
2.6,51.6,0,2,28,500,2.5,3,1,5.9,1.0
2.6,51.6,0,2,28,500,2.5,3,1,5.9,1.0
2.6,51.6,0,2,28,500,2.5,3,1,5.9,1.0
0.0,0.0,0,0,0,0,0.0,3,1,5.4,0.0
0.0,0.0,0,0,0,0,0.0,3,1,5.4,0.0
0.0,0.0,0,0,0,0,0.0,3,1,5.4,0.0
0.0,0.0,0,0,0,0,0.0,3,1,5.4,0.0
0.0,0.0,0,0,0,0,0.0,3,1,5.4,0.0
0.0,0.0,0,0,0,0,0.0,3,1,5.4,0.0
0.0,0.0,0,0,0,0,0.0,3,1,5.4,0.0
0.4,2.8,0,0,2,14,1.0,3,1,5.2,0.1
0.4,2.8,0,0,2,14,1.0,3,1,5.2,0.1
0.4,2.8,0,0,2,14,1.0,3,1,5.2,0.1
0.4,2.8,0,0,2,14,1.0,3,1,5.2,0.1
0.4,2.8,0,0,2,14,1.0,3,1,5.2,0.1
0.4,2.8,0,0,2,14,1.0,3,1,5.2,0.1
0.4,2.8,0,0,2,14,1.0,3,1,5.2,0.1
0.4,4.0,0,0,8,165,1.3,3,1,5.1,0.1
0.4,4.0,0,0,8,165,1.3,3,1,5.1,0.1
0.4,4.0,0,0,8,165,1.3,3,1,5.1,0.1
0.4,4.0,0,0,8,165,1.3,3,1,5.1,0.1
0.4,4.0,0,0,8,165,1.3,3,1,5.1,0.1
0.4,4.0,0,0,8,165,1.3,3,1,5.1,0.1
0.4,4.0,0,0,8,165,1.3,3,1,5.1,0.1
3.6,87.2,0,1,50,1027,4.2,3,1,5.4,2.8
3.6,87.2,0,1,50,1027,4.2,3,1,5.4,2.8
3.6,87.2,0,1,50,1027,4.2,3,1,5.4,2.8
3.6,87.2,0,1,50,1027,4.2,3,1,5.4,2.8
3.6,87.2,0,1,50,1027,4.2,3,1,5.4,2.8
3.6,87.2,0,1,50,1027,4.2,3,1,5.4,2.8
3.6,87.2,0,1,50,1027,4.2,3,1,5.4,2.8
0.0,0.0,0,0,0,0,0.0,3,1,4.5,0.1
0.0,0.0,0,0,0,0,0.0,3,1,4.5,0.1
0.0,0.0,0,0,0,0,0.0,3,1,4.5,0.1
0.0,0.0,0,0,0,0,0.0,3,1,4.5,0.1
0.0,0.0,0,0,0,0,0.0,3,1,4.5,0.1
0.0,0.0,0,0,0,0,0.0,3,1,4.5,0.1
0.0,0.0,0,0,0,0,0.0,3,1,4.5,0.1
0.0,0.0,0,0,0,0,0.0,3,1,4.5,0.1
0.0,0.0,0,0,0,0,0.0,3,1,4.5,0.1
0.0,0.0,0,0,0,0,0.0,3,1,4.5,0.1
0.0,0.0,0,0,0,0,0.0,3,1,4.5,0.1
0.0,0.0,0,0,0,0,0.0,3,1,4.5,0.1
0.0,0.0,0,0,0,0,0.0,3,1,4.5,0.1
0.0,0.0,0,0,0,0,0.0,3,1,4.5,0.1
0.0,0.0,0,0,1,30,1.0,4,1,7.3,0.3
0.0,0.0,0,0,1,30,1.0,4,1,7.3,0.3
0.0,0.0,0,0,1,30,1.0,4,1,7.3,0.3
0.0,0.0,0,0,1,30,1.0,4,1,7.3,0.3
0.0,0.0,0,0,1,30,1.0,4,1,7.3,0.3
0.0,0.0,0,0,1,30,1.0,4,1,7.3,0.3
0.0,0.0,0,0,1,30,1.0,4,1,7.3,0.3
0.0,0.0,0,0,0,0,0.0,4,1,6.4,0.0
0.0,0.0,0,0,0,0,0.0,4,1,6.4,0.0
0.0,0.0,0,0,0,0,0.0,4,1,6.4,0.0
0.0,0.0,0,0,0,0,0.0,4,1,6.4,0.0
0.0,0.0,0,0,0,0,0.0,4,1,6.4,0.0
0.0,0.0,0,0,0,0,0.0,4,1,6.4,0.0
0.0,0.0,0,0,0,0,0.0,4,1,6.4,0.0
7.8,79.2,4,0,61,790,5.5,3,1,7.7,16.1
7.8,79.2,4,0,61,790,5.5,3,1,7.7,16.1
7.8,79.2,4,0,61,790,5.5,3,1,7.7,16.1
7.8,79.2,4,0,61,790,5.5,3,1,7.7,16.1
7.8,79.2,4,0,61,790,5.5,3,1,7.7,16.1
7.8,79.2,4,0,61,790,5.5,3,1,7.7,16.1
7.8,79.2,4,0,61,790,5.5,3,1,7.7,16.1
0.6,9.8,0,0,15,296,1.9,2,1,5.4,0.2
0.6,9.8,0,0,15,296,1.9,2,1,5.4,0.2
0.6,9.8,0,0,15,296,1.9,2,1,5.4,0.2
0.6,9.8,0,0,15,296,1.9,2,1,5.4,0.2
0.6,9.8,0,0,15,296,1.9,2,1,5.4,0.2
0.6,9.8,0,0,15,296,1.9,2,1,5.4,0.2
0.6,9.8,0,0,15,296,1.9,2,1,5.4,0.2
2.2,45.0,1,0,37,801,3.7,4,1,8.8,11.4
2.2,45.0,1,0,37,801,3.7,4,1,8.8,11.4
2.2,45.0,1,0,37,801,3.7,4,1,8.8,11.4
2.2,45.0,1,0,37,801,3.7,4,1,8.8,11.4
2.2,45.0,1,0,37,801,3.7,4,1,8.8,11.4
2.2,45.0,1,0,37,801,3.7,4,1,8.8,11.4
2.2,45.0,1,0,37,801,3.7,4,1,8.8,11.4
0.0,0.0,0,0,5,27,2.5,3,1,4.3,0.5
0.0,0.0,0,0,5,27,2.5,3,1,4.3,0.5
0.0,0.0,0,0,5,27,2.5,3,1,4.3,0.5
0.0,0.0,0,0,5,27,2.5,3,1,4.3,0.5
0.0,0.0,0,0,5,27,2.5,3,1,4.3,0.5
0.0,0.0,0,0,5,27,2.5,3,1,4.3,0.5
0.0,0.0,0,0,0,0,0.0,3,1,4.5,0.0
0.0,0.0,0,0,0,0,0.0,3,1,4.5,0.0
0.0,0.0,0,0,0,0,0.0,3,1,4.5,0.0
0.0,0.0,0,0,0,0,0.0,3,1,4.5,0.0
0.0,0.0,0,0,0,0,0.0,3,1,4.5,0.0
0.8,22.6,0,0,4,113,1.3,2,1,5.4,0.1
0.8,22.6,0,0,4,113,1.3,2,1,5.4,0.1
0.8,22.6,0,0,4,113,1.3,2,1,5.4,0.1
0.8,22.6,0,0,4,113,1.3,2,1,5.4,0.1
5.6,90.0,0,0,43,900,4.3,1,2,5.0,3.6
5.6,90.0,0,0,43,900,4.3,1,2,5.0,3.6
5.6,90.0,0,0,43,900,4.3,1,2,5.0,3.6
5.6,90.0,0,0,43,900,4.3,1,2,5.0,3.6
5.6,90.0,0,0,43,900,4.3,1,2,5.0,3.6
5.6,90.0,0,0,43,900,4.3,1,2,5.0,3.6
5.6,90.0,0,0,43,900,4.3,1,2,5.0,3.6
0.0,0.0,0,0,7,180,3.5,1,2,4.3,0.5
0.0,0.0,0,0,7,180,3.5,1,2,4.3,0.5
0.0,0.0,0,0,7,180,3.5,1,2,4.3,0.5
0.0,0.0,0,0,7,180,3.5,1,2,4.3,0.5
0.0,0.0,0,0,7,180,3.5,1,2,4.3,0.5
0.0,0.0,0,0,7,180,3.5,1,2,4.3,0.5
0.0,0.0,0,0,7,180,3.5,1,2,4.3,0.5
0.0,0.0,0,0,0,0,0.0,1,2,4.0,0.1
0.0,0.0,0,0,0,0,0.0,1,2,4.0,0.1
0.0,0.0,0,0,0,0,0.0,1,2,4.0,0.1
0.0,0.0,0,0,0,0,0.0,1,2,4.0,0.1
0.0,0.0,0,0,0,0,0.0,1,2,4.0,0.1
0.0,0.0,0,0,0,0,0.0,1,2,4.0,0.1
0.0,0.0,0,0,0,0,0.0,1,2,4.0,0.1
0.0,0.0,0,0,0,0,0.0,1,2,4.0,0.0
0.0,0.0,0,0,0,0,0.0,1,2,4.0,0.0
0.0,0.0,0,0,0,0,0.0,1,2,4.0,0.0
0.0,0.0,0,0,0,0,0.0,1,2,4.0,0.0
0.0,0.0,0,0,0,0,0.0,1,2,4.0,0.0
0.0,0.0,0,0,0,0,0.0,1,2,4.0,0.0
0.0,0.0,0,0,0,0,0.0,1,2,4.0,0.0
5.0,90.0,1,0,54,1056,4.5,2,2,4.6,6.4
5.0,90.0,1,0,54,1056,4.5,2,2,4.6,6.4
5.0,90.0,1,0,54,1056,4.5,2,2,4.6,6.4
5.0,90.0,1,0,54,1056,4.5,2,2,4.6,6.4
5.0,90.0,1,0,54,1056,4.5,2,2,4.6,6.4
5.0,90.0,1,0,54,1056,4.5,2,2,4.6,6.4
5.0,90.0,1,0,54,1056,4.5,2,2,4.6,6.4
4.4,75.0,0,2,43,862,3.6,2,2,4.5,2.0
4.4,75.0,0,2,43,862,3.6,2,2,4.5,2.0
4.4,75.0,0,2,43,862,3.6,2,2,4.5,2.0
4.4,75.0,0,2,43,862,3.6,2,2,4.5,2.0
4.4,75.0,0,2,43,862,3.6,2,2,4.5,2.0
4.4,75.0,0,2,43,862,3.6,2,2,4.5,2.0
4.4,75.0,0,2,43,862,3.6,2,2,4.5,2.0
3.8,90.0,0,0,35,965,3.2,2,2,4.4,7.9
3.8,90.0,0,0,35,965,3.2,2,2,4.4,7.9
3.8,90.0,0,0,35,965,3.2,2,2,4.4,7.9
3.8,90.0,0,0,35,965,3.2,2,2,4.4,7.9
3.8,90.0,0,0,35,965,3.2,2,2,4.4,7.9
3.8,90.0,0,0,35,965,3.2,2,2,4.4,7.9
3.8,90.0,0,0,35,965,3.2,2,2,4.4,7.9
0.8,14.4,0,0,7,214,0.9,2,2,4.2,0.4
0.8,14.4,0,0,7,214,0.9,2,2,4.2,0.4
0.8,14.4,0,0,7,214,0.9,2,2,4.2,0.4
0.8,14.4,0,0,7,214,0.9,2,2,4.2,0.4
0.8,14.4,0,0,7,214,0.9,2,2,4.2,0.4
0.8,14.4,0,0,7,214,0.9,2,2,4.2,0.4
0.8,14.4,0,0,7,214,0.9,2,2,4.2,0.4
0.2,3.2,0,0,24,497,3.4,2,2,4.4,0.7
0.2,3.2,0,0,24,497,3.4,2,2,4.4,0.7
0.2,3.2,0,0,24,497,3.4,2,2,4.4,0.7
0.2,3.2,0,0,24,497,3.4,2,2,4.4,0.7
0.2,3.2,0,0,24,497,3.4,2,2,4.4,0.7
0.2,3.2,0,0,24,497,3.4,2,2,4.4,0.7
0.2,3.2,0,0,24,497,3.4,2,2,4.4,0.7
4.2,86.6,0,0,29,687,3.2,2,2,4.3,0.5
4.2,86.6,0,0,29,687,3.2,2,2,4.3,0.5
4.2,86.6,0,0,29,687,3.2,2,2,4.3,0.5
4.2,86.6,0,0,29,687,3.2,2,2,4.3,0.5
4.2,86.6,0,0,29,687,3.2,2,2,4.3,0.5
4.2,86.6,0,0,29,687,3.2,2,2,4.3,0.5
4.2,86.6,0,0,29,687,3.2,2,2,4.3,0.5
0.0,0.0,0,0,0,0,0.0,2,2,3.9,0.2
0.0,0.0,0,0,0,0,0.0,2,2,3.9,0.2
0.0,0.0,0,0,0,0,0.0,2,2,3.9,0.2
0.0,0.0,0,0,0,0,0.0,2,2,3.9,0.2
0.0,0.0,0,0,0,0,0.0,2,2,3.9,0.2
0.0,0.0,0,0,0,0,0.0,2,2,3.9,0.2
0.0,0.0,0,0,0,0,0.0,2,2,3.9,0.2
0.0,0.0,0,0,0,0,0.0,2,2,4.0,2.2
0.0,0.0,0,0,0,0,0.0,2,2,4.0,2.2
0.0,0.0,0,0,0,0,0.0,2,2,4.0,2.2
0.0,0.0,0,0,0,0,0.0,2,2,4.0,2.2
0.0,0.0,0,0,0,0,0.0,2,2,4.0,2.2
0.0,0.0,0,0,0,0,0.0,2,2,4.0,2.2
0.0,0.0,0,0,0,0,0.0,2,2,4.0,2.2
0.4,3.0,0,0,17,297,2.1,2,2,4.0,0.6
0.4,3.0,0,0,17,297,2.1,2,2,4.0,0.6
0.4,3.0,0,0,17,297,2.1,2,2,4.0,0.6
0.4,3.0,0,0,17,297,2.1,2,2,4.0,0.6
0.4,3.0,0,0,17,297,2.1,2,2,4.0,0.6
0.4,3.0,0,0,17,297,2.1,2,2,4.0,0.6
0.4,3.0,0,0,17,297,2.1,2,2,4.0,0.6
0.0,0.0,0,0,0,0,0.0,2,2,3.9,0.3
0.0,0.0,0,0,0,0,0.0,2,2,3.9,0.3
0.0,0.0,0,0,0,0,0.0,2,2,3.9,0.3
0.0,0.0,0,0,0,0,0.0,2,2,3.9,0.3
0.0,0.0,0,0,0,0,0.0,2,2,3.9,0.3
0.0,0.0,0,0,0,0,0.0,2,2,3.9,0.3
0.0,0.0,0,0,0,0,0.0,2,2,3.9,0.3
0.0,0.0,0,0,0,0,0.0,2,2,4.0,0.1
0.0,0.0,0,0,0,0,0.0,2,2,4.0,0.1
0.0,0.0,0,0,0,0,0.0,2,2,4.0,0.1
0.0,0.0,0,0,0,0,0.0,2,2,4.0,0.1
0.0,0.0,0,0,0,0,0.0,2,2,4.0,0.1
0.0,0.0,0,0,0,0,0.0,2,2,4.0,0.1
0.0,0.0,0,0,0,0,0.0,2,2,4.0,0.1
5.6,89.0,3,0,50,1066,4.2,3,2,6.9,7.7
5.6,89.0,3,0,50,1066,4.2,3,2,6.9,7.7
5.6,89.0,3,0,50,1066,4.2,3,2,6.9,7.7
5.6,89.0,3,0,50,1066,4.2,3,2,6.9,7.7
5.6,89.0,3,0,50,1066,4.2,3,2,6.9,7.7
5.6,89.0,3,0,50,1066,4.2,3,2,6.9,7.7
5.6,89.0,3,0,50,1066,4.2,3,2,6.9,7.7
1.2,20.4,0,1,14,417,2.3,3,2,5.9,0.6
1.2,20.4,0,1,14,417,2.3,3,2,5.9,0.6
1.2,20.4,0,1,14,417,2.3,3,2,5.9,0.6
1.2,20.4,0,1,14,417,2.3,3,2,5.9,0.6
1.2,20.4,0,1,14,417,2.3,3,2,5.9,0.6
1.2,20.4,0,1,14,417,2.3,3,2,5.9,0.6
1.2,20.4,0,1,14,417,2.3,3,2,5.9,0.6
0.0,0.0,0,0,0,0,0.0,3,2,5.5,0.1
0.0,0.0,0,0,0,0,0.0,3,2,5.5,0.1
0.0,0.0,0,0,0,0,0.0,3,2,5.5,0.1
0.0,0.0,0,0,0,0,0.0,3,2,5.5,0.1
0.0,0.0,0,0,0,0,0.0,3,2,5.5,0.1
0.0,0.0,0,0,0,0,0.0,3,2,5.5,0.1
0.0,0.0,0,0,0,0,0.0,3,2,5.5,0.1
4.6,34.4,2,1,40,480,4.0,3,2,5.3,0.7
4.6,34.4,2,1,40,480,4.0,3,2,5.3,0.7
4.6,34.4,2,1,40,480,4.0,3,2,5.3,0.7
4.6,34.4,2,1,40,480,4.0,3,2,5.3,0.7
4.6,34.4,2,1,40,480,4.0,3,2,5.3,0.7
4.6,34.4,2,1,40,480,4.0,3,2,5.3,0.7
4.6,34.4,2,1,40,480,4.0,3,2,5.3,0.7
0.0,0.0,0,0,0,0,0.0,3,2,5.5,0.0
0.0,0.0,0,0,0,0,0.0,3,2,5.5,0.0
0.0,0.0,0,0,0,0,0.0,3,2,5.5,0.0
0.0,0.0,0,0,0,0,0.0,3,2,5.5,0.0
0.0,0.0,0,0,0,0,0.0,3,2,5.5,0.0
0.0,0.0,0,0,0,0,0.0,3,2,5.5,0.0
0.0,0.0,0,0,0,0,0.0,3,2,5.5,0.0
2.8,29.8,1,1,36,377,3.0,3,2,5.1,0.8
2.8,29.8,1,1,36,377,3.0,3,2,5.1,0.8
2.8,29.8,1,1,36,377,3.0,3,2,5.1,0.8
2.8,29.8,1,1,36,377,3.0,3,2,5.1,0.8
2.8,29.8,1,1,36,377,3.0,3,2,5.1,0.8
2.8,29.8,1,1,36,377,3.0,3,2,5.1,0.8
2.8,29.8,1,1,36,377,3.0,3,2,5.1,0.8
2.0,71.6,0,0,31,904,2.6,3,2,5.4,0.6
2.0,71.6,0,0,31,904,2.6,3,2,5.4,0.6
2.0,71.6,0,0,31,904,2.6,3,2,5.4,0.6
2.0,71.6,0,0,31,904,2.6,3,2,5.4,0.6
2.0,71.6,0,0,31,904,2.6,3,2,5.4,0.6
2.0,71.6,0,0,31,904,2.6,3,2,5.4,0.6
2.0,71.6,0,0,31,904,2.6,3,2,5.4,0.6
2.6,19.2,1,1,14,102,2.3,3,2,4.8,0.1
2.6,19.2,1,1,14,102,2.3,3,2,4.8,0.1
2.6,19.2,1,1,14,102,2.3,3,2,4.8,0.1
2.6,19.2,1,1,14,102,2.3,3,2,4.8,0.1
2.6,19.2,1,1,14,102,2.3,3,2,4.8,0.1
2.6,19.2,1,1,14,102,2.3,3,2,4.8,0.1
2.6,19.2,1,1,14,102,2.3,3,2,4.8,0.1
0.0,0.0,0,0,0,0,0.0,3,2,5.0,0.0
0.0,0.0,0,0,0,0,0.0,3,2,5.0,0.0
0.0,0.0,0,0,0,0,0.0,3,2,5.0,0.0
0.0,0.0,0,0,0,0,0.0,3,2,5.0,0.0
0.0,0.0,0,0,0,0,0.0,3,2,5.0,0.0
0.0,0.0,0,0,0,0,0.0,3,2,5.0,0.0
0.0,0.0,0,0,0,0,0.0,3,2,5.0,0.0
0.0,0.0,0,0,0,0,0.0,3,2,5.0,0.0
0.0,0.0,0,0,0,0,0.0,3,2,5.0,0.0
0.0,0.0,0,0,0,0,0.0,3,2,5.0,0.0
0.0,0.0,0,0,0,0,0.0,3,2,5.0,0.0
0.0,0.0,0,0,0,0,0.0,3,2,5.0,0.0
0.0,0.0,0,0,0,0,0.0,3,2,5.0,0.0
0.0,0.0,0,0,0,0,0.0,3,2,5.0,0.0
2.4,88.0,0,0,27,734,2.7,3,2,4.9,0.2
2.4,88.0,0,0,27,734,2.7,3,2,4.9,0.2
2.4,88.0,0,0,27,734,2.7,3,2,4.9,0.2
2.4,88.0,0,0,27,734,2.7,3,2,4.9,0.2
2.4,88.0,0,0,27,734,2.7,3,2,4.9,0.2
2.4,88.0,0,0,27,734,2.7,3,2,4.9,0.2
2.4,88.0,0,0,27,734,2.7,3,2,4.9,0.2
3.4,66.2,1,0,24,485,3.4,3,2,4.8,0.7
3.4,66.2,1,0,24,485,3.4,3,2,4.8,0.7
3.4,66.2,1,0,24,485,3.4,3,2,4.8,0.7
3.4,66.2,1,0,24,485,3.4,3,2,4.8,0.7
3.4,66.2,1,0,24,485,3.4,3,2,4.8,0.7
3.4,66.2,1,0,24,485,3.4,3,2,4.8,0.7
3.4,66.2,1,0,24,485,3.4,3,2,4.8,0.7
0.0,0.0,0,0,0,0,0.0,3,2,4.5,0.3
0.0,0.0,0,0,0,0,0.0,3,2,4.5,0.3
0.0,0.0,0,0,0,0,0.0,3,2,4.5,0.3
0.0,0.0,0,0,0,0,0.0,3,2,4.5,0.3
0.0,0.0,0,0,0,0,0.0,3,2,4.5,0.3
0.0,0.0,0,0,0,0,0.0,3,2,4.5,0.3
0.0,0.0,0,0,0,0,0.0,3,2,4.5,0.3
0.0,0.0,0,0,0,0,0.0,3,2,4.5,0.1
0.0,0.0,0,0,0,0,0.0,3,2,4.5,0.1
0.0,0.0,0,0,0,0,0.0,3,2,4.5,0.1
0.0,0.0,0,0,0,0,0.0,3,2,4.5,0.1
0.0,0.0,0,0,0,0,0.0,3,2,4.5,0.1
0.0,0.0,0,0,0,0,0.0,3,2,4.5,0.1
0.0,0.0,0,0,0,0,0.0,3,2,4.5,0.1
0.0,0.0,0,0,0,0,0.0,3,2,4.5,0.1
0.0,0.0,0,0,0,0,0.0,3,2,4.5,0.1
0.0,0.0,0,0,0,0,0.0,3,2,4.5,0.1
0.0,0.0,0,0,0,0,0.0,3,2,4.5,0.1
0.0,0.0,0,0,0,0,0.0,3,2,4.5,0.1
0.0,0.0,0,0,0,0,0.0,3,2,4.5,0.1
0.0,0.0,0,0,0,0,0.0,3,2,4.5,0.1
0.0,0.0,0,0,0,0,0.0,3,2,4.4,0.6
0.0,0.0,0,0,0,0,0.0,3,2,4.4,0.6
0.0,0.0,0,0,0,0,0.0,3,2,4.4,0.6
0.0,0.0,0,0,0,0,0.0,3,2,4.4,0.6
0.0,0.0,0,0,0,0,0.0,3,2,4.4,0.6
0.0,0.0,0,0,0,0,0.0,3,2,4.4,0.6
0.0,0.0,0,0,0,0,0.0,3,2,4.4,0.6
1.8,67.0,0,0,29,933,2.4,4,2,8.5,6.7
1.8,67.0,0,0,29,933,2.4,4,2,8.5,6.7
1.8,67.0,0,0,29,933,2.4,4,2,8.5,6.7
1.8,67.0,0,0,29,933,2.4,4,2,8.5,6.7
1.8,67.0,0,0,29,933,2.4,4,2,8.5,6.7
1.8,67.0,0,0,29,933,2.4,4,2,8.5,6.7
1.8,67.0,0,0,29,933,2.4,4,2,8.5,6.7
0.0,0.0,0,0,0,0,0.0,4,2,4.5,0.3
0.0,0.0,0,0,0,0,0.0,4,2,4.5,0.3
0.0,0.0,0,0,0,0,0.0,4,2,4.5,0.3
0.0,0.0,0,0,0,0,0.0,4,2,4.5,0.3
0.0,0.0,0,0,0,0,0.0,4,2,4.5,0.3
0.0,0.0,0,0,0,0,0.0,4,2,4.5,0.3
0.0,0.0,0,0,0,0,0.0,4,2,4.5,0.3
0.0,0.0,0,0,4,97,1.0,3,2,5.4,0.2
0.0,0.0,0,0,4,97,1.0,3,2,5.4,0.2
0.0,0.0,0,0,4,97,1.0,3,2,5.4,0.2
0.0,0.0,0,0,4,97,1.0,3,2,5.4,0.2
0.0,0.0,0,0,4,97,1.0,3,2,5.4,0.2
0.0,0.0,0,0,4,97,1.0,3,2,5.4,0.2
0.0,0.0,0,0,4,97,1.0,3,2,5.4,0.2
0.8,20.2,0,0,5,109,1.0,3,2,5.8,0.2
0.8,20.2,0,0,5,109,1.0,3,2,5.8,0.2
0.8,20.2,0,0,5,109,1.0,3,2,5.8,0.2
0.8,20.2,0,0,5,109,1.0,3,2,5.8,0.2
0.8,20.2,0,0,5,109,1.0,3,2,5.8,0.2
0.8,20.2,0,0,5,109,1.0,3,2,5.8,0.2
0.8,20.2,0,0,5,109,1.0,3,2,5.8,0.2
1.0,27.6,0,0,14,420,1.4,3,2,6.2,0.0
1.0,27.6,0,0,14,420,1.4,3,2,6.2,0.0
1.0,27.6,0,0,14,420,1.4,3,2,6.2,0.0
1.0,27.6,0,0,14,420,1.4,3,2,6.2,0.0
1.0,27.6,0,0,14,420,1.4,3,2,6.2,0.0
1.0,27.6,0,0,14,420,1.4,3,2,6.2,0.0
1.0,27.6,0,0,14,420,1.4,3,2,6.2,0.0
0.0,0.0,0,0,0,0,0.0,1,2,4.0,0.5
0.0,0.0,0,0,0,0,0.0,1,2,4.0,0.5
0.0,0.0,0,0,0,0,0.0,1,2,4.0,0.5
0.0,0.0,0,0,0,0,0.0,1,2,4.0,0.5
0.0,0.0,0,0,0,0,0.0,1,2,4.0,0.5
0.0,0.0,0,0,0,0,0.0,1,2,4.0,0.5
0.0,0.0,0,0,0,0,0.0,1,2,4.0,0.5
0.0,0.0,0,0,0,0,0.0,2,2,4.0,0.1
0.0,0.0,0,0,0,0,0.0,2,2,4.0,0.1
0.0,0.0,0,0,0,0,0.0,2,2,4.0,0.1
0.0,0.0,0,0,0,0,0.0,2,2,4.0,0.1
0.0,0.0,0,0,0,0,0.0,2,2,4.0,0.1
0.0,0.0,0,0,0,0,0.0,2,2,4.0,0.1
0.0,0.0,0,0,1,16,1.0,3,2,4.4,0.1
0.0,0.0,0,0,1,16,1.0,3,2,4.4,0.1
0.0,0.0,0,0,1,16,1.0,3,2,4.4,0.1
0.0,0.0,0,0,1,16,1.0,3,2,4.4,0.1
0.0,0.0,0,0,1,16,1.0,3,2,4.4,0.1
0.0,0.0,0,0,1,16,1.0,3,2,4.4,0.1
0.0,0.0,0,0,0,0,0.0,1,2,4.0,0.2
0.0,0.0,0,0,0,0,0.0,1,2,4.0,0.2
0.0,0.0,0,0,0,0,0.0,1,2,4.0,0.2
0.0,0.0,0,0,0,0,0.0,1,2,4.0,0.2
0.0,0.0,0,0,0,0,0.0,1,2,4.0,0.2
0.0,0.0,0,0,0,0,0.0,1,2,4.0,0.2
0.0,0.0,0,0,0,0,0.0,2,2,3.9,0.2
0.0,0.0,0,0,0,0,0.0,2,2,3.9,0.2
0.0,0.0,0,0,0,0,0.0,2,2,3.9,0.2
0.0,0.0,0,0,0,0,0.0,2,2,3.9,0.2
0.0,0.0,0,0,0,0,0.0,2,2,3.9,0.2
0.0,0.0,0,0,3,21,1.0,2,2,4.5,0.0
0.0,0.0,0,0,3,21,1.0,2,2,4.5,0.0
0.0,0.0,0,0,3,21,1.0,2,2,4.5,0.0
0.0,0.0,0,0,3,21,1.0,2,2,4.5,0.0
0.0,0.0,0,0,0,0,0.0,1,3,4.3,0.1
0.0,0.0,0,0,0,0,0.0,1,3,4.3,0.1
0.0,0.0,0,0,0,0,0.0,1,3,4.3,0.1
0.0,0.0,0,0,0,0,0.0,1,3,4.3,0.1
0.0,0.0,0,0,0,0,0.0,1,3,4.3,0.1
0.0,0.0,0,0,0,0,0.0,1,3,4.3,0.1
0.0,0.0,0,0,0,0,0.0,1,3,4.3,0.1
0.0,0.0,0,0,0,0,0.0,1,3,4.0,0.2
0.0,0.0,0,0,0,0,0.0,1,3,4.0,0.2
0.0,0.0,0,0,0,0,0.0,1,3,4.0,0.2
0.0,0.0,0,0,0,0,0.0,1,3,4.0,0.2
0.0,0.0,0,0,0,0,0.0,1,3,4.0,0.2
0.0,0.0,0,0,0,0,0.0,1,3,4.0,0.2
0.0,0.0,0,0,0,0,0.0,1,3,4.0,0.2
0.0,0.0,0,0,0,0,0.0,1,3,4.0,0.2
0.0,0.0,0,0,0,0,0.0,1,3,4.0,0.2
0.0,0.0,0,0,0,0,0.0,1,3,4.0,0.2
0.0,0.0,0,0,0,0,0.0,1,3,4.0,0.2
0.0,0.0,0,0,0,0,0.0,1,3,4.0,0.2
0.0,0.0,0,0,0,0,0.0,1,3,4.0,0.2
0.0,0.0,0,0,0,0,0.0,1,3,4.0,0.2
0.0,0.0,0,0,0,0,0.0,2,3,4.4,0.0
0.0,0.0,0,0,0,0,0.0,2,3,4.4,0.0
0.0,0.0,0,0,0,0,0.0,2,3,4.4,0.0
0.0,0.0,0,0,0,0,0.0,2,3,4.4,0.0
0.0,0.0,0,0,0,0,0.0,2,3,4.4,0.0
0.0,0.0,0,0,0,0,0.0,2,3,4.4,0.0
0.0,0.0,0,0,0,0,0.0,2,3,4.4,0.0
3.6,90.0,0,1,29,1080,2.4,2,3,4.4,1.5
3.6,90.0,0,1,29,1080,2.4,2,3,4.4,1.5
3.6,90.0,0,1,29,1080,2.4,2,3,4.4,1.5
3.6,90.0,0,1,29,1080,2.4,2,3,4.4,1.5
3.6,90.0,0,1,29,1080,2.4,2,3,4.4,1.5
3.6,90.0,0,1,29,1080,2.4,2,3,4.4,1.5
3.6,90.0,0,1,29,1080,2.4,2,3,4.4,1.5
0.0,0.0,0,0,0,0,0.0,2,3,3.9,0.2
0.0,0.0,0,0,0,0,0.0,2,3,3.9,0.2
0.0,0.0,0,0,0,0,0.0,2,3,3.9,0.2
0.0,0.0,0,0,0,0,0.0,2,3,3.9,0.2
0.0,0.0,0,0,0,0,0.0,2,3,3.9,0.2
0.0,0.0,0,0,0,0,0.0,2,3,3.9,0.2
0.0,0.0,0,0,0,0,0.0,2,3,3.9,0.2
0.0,0.0,0,0,0,0,0.0,2,3,4.0,0.0
0.0,0.0,0,0,0,0,0.0,2,3,4.0,0.0
0.0,0.0,0,0,0,0,0.0,2,3,4.0,0.0
0.0,0.0,0,0,0,0,0.0,2,3,4.0,0.0
0.0,0.0,0,0,0,0,0.0,2,3,4.0,0.0
0.0,0.0,0,0,0,0,0.0,2,3,4.0,0.0
0.0,0.0,0,0,0,0,0.0,2,3,4.0,0.0
0.2,0.2,0,0,20,533,2.9,2,3,4.0,1.0
0.2,0.2,0,0,20,533,2.9,2,3,4.0,1.0
0.2,0.2,0,0,20,533,2.9,2,3,4.0,1.0
0.2,0.2,0,0,20,533,2.9,2,3,4.0,1.0
0.2,0.2,0,0,20,533,2.9,2,3,4.0,1.0
0.2,0.2,0,0,20,533,2.9,2,3,4.0,1.0
0.2,0.2,0,0,20,533,2.9,2,3,4.0,1.0
3.2,90.0,0,0,31,1072,2.6,2,3,3.9,11.7
3.2,90.0,0,0,31,1072,2.6,2,3,3.9,11.7
3.2,90.0,0,0,31,1072,2.6,2,3,3.9,11.7
3.2,90.0,0,0,31,1072,2.6,2,3,3.9,11.7
3.2,90.0,0,0,31,1072,2.6,2,3,3.9,11.7
3.2,90.0,0,0,31,1072,2.6,2,3,3.9,11.7
3.2,90.0,0,0,31,1072,2.6,2,3,3.9,11.7
3.2,88.0,0,2,37,1067,3.1,2,3,4.0,1.0
3.2,88.0,0,2,37,1067,3.1,2,3,4.0,1.0
3.2,88.0,0,2,37,1067,3.1,2,3,4.0,1.0
3.2,88.0,0,2,37,1067,3.1,2,3,4.0,1.0
3.2,88.0,0,2,37,1067,3.1,2,3,4.0,1.0
3.2,88.0,0,2,37,1067,3.1,2,3,4.0,1.0
3.2,88.0,0,2,37,1067,3.1,2,3,4.0,1.0
0.0,0.0,0,0,0,2,0.0,2,3,4.0,0.1
0.0,0.0,0,0,0,2,0.0,2,3,4.0,0.1
0.0,0.0,0,0,0,2,0.0,2,3,4.0,0.1
0.0,0.0,0,0,0,2,0.0,2,3,4.0,0.1
0.0,0.0,0,0,0,2,0.0,2,3,4.0,0.1
0.0,0.0,0,0,0,2,0.0,2,3,4.0,0.1
0.0,0.0,0,0,0,2,0.0,2,3,4.0,0.1
0.0,0.0,0,0,0,0,0.0,2,3,4.0,0.1
0.0,0.0,0,0,0,0,0.0,2,3,4.0,0.1
0.0,0.0,0,0,0,0,0.0,2,3,4.0,0.1
0.0,0.0,0,0,0,0,0.0,2,3,4.0,0.1
0.0,0.0,0,0,0,0,0.0,2,3,4.0,0.1
0.0,0.0,0,0,0,0,0.0,2,3,4.0,0.1
0.0,0.0,0,0,0,0,0.0,2,3,4.0,0.1
0.2,1.8,0,0,1,9,1.0,2,3,3.8,0.2
0.2,1.8,0,0,1,9,1.0,2,3,3.8,0.2
0.2,1.8,0,0,1,9,1.0,2,3,3.8,0.2
0.2,1.8,0,0,1,9,1.0,2,3,3.8,0.2
0.2,1.8,0,0,1,9,1.0,2,3,3.8,0.2
0.2,1.8,0,0,1,9,1.0,2,3,3.8,0.2
0.2,1.8,0,0,1,9,1.0,2,3,3.8,0.2
0.0,0.0,0,0,0,0,0.0,2,3,4.0,0.0
0.0,0.0,0,0,0,0,0.0,2,3,4.0,0.0
0.0,0.0,0,0,0,0,0.0,2,3,4.0,0.0
0.0,0.0,0,0,0,0,0.0,2,3,4.0,0.0
0.0,0.0,0,0,0,0,0.0,2,3,4.0,0.0
0.0,0.0,0,0,0,0,0.0,2,3,4.0,0.0
0.0,0.0,0,0,0,0,0.0,2,3,4.0,0.0
0.0,0.0,0,0,3,102,1.0,2,3,3.9,0.1
0.0,0.0,0,0,3,102,1.0,2,3,3.9,0.1
0.0,0.0,0,0,3,102,1.0,2,3,3.9,0.1
0.0,0.0,0,0,3,102,1.0,2,3,3.9,0.1
0.0,0.0,0,0,3,102,1.0,2,3,3.9,0.1
0.0,0.0,0,0,3,102,1.0,2,3,3.9,0.1
0.0,0.0,0,0,3,102,1.0,2,3,3.9,0.1
3.2,90.0,0,0,17,540,2.8,2,3,3.9,1.8
3.2,90.0,0,0,17,540,2.8,2,3,3.9,1.8
3.2,90.0,0,0,17,540,2.8,2,3,3.9,1.8
3.2,90.0,0,0,17,540,2.8,2,3,3.9,1.8
3.2,90.0,0,0,17,540,2.8,2,3,3.9,1.8
3.2,90.0,0,0,17,540,2.8,2,3,3.9,1.8
3.2,90.0,0,0,17,540,2.8,2,3,3.9,1.8
0.0,0.0,0,0,4,19,1.0,2,3,3.9,0.2
0.0,0.0,0,0,4,19,1.0,2,3,3.9,0.2
0.0,0.0,0,0,4,19,1.0,2,3,3.9,0.2
0.0,0.0,0,0,4,19,1.0,2,3,3.9,0.2
0.0,0.0,0,0,4,19,1.0,2,3,3.9,0.2
0.0,0.0,0,0,4,19,1.0,2,3,3.9,0.2
0.0,0.0,0,0,4,19,1.0,2,3,3.9,0.2
2.0,74.0,0,0,51,957,4.2,3,3,5.6,4.6
2.0,74.0,0,0,51,957,4.2,3,3,5.6,4.6
2.0,74.0,0,0,51,957,4.2,3,3,5.6,4.6
2.0,74.0,0,0,51,957,4.2,3,3,5.6,4.6
2.0,74.0,0,0,51,957,4.2,3,3,5.6,4.6
2.0,74.0,0,0,51,957,4.2,3,3,5.6,4.6
2.0,74.0,0,0,51,957,4.2,3,3,5.6,4.6
0.0,0.0,0,0,0,0,0.0,3,3,5.4,0.0
0.0,0.0,0,0,0,0,0.0,3,3,5.4,0.0
0.0,0.0,0,0,0,0,0.0,3,3,5.4,0.0
0.0,0.0,0,0,0,0,0.0,3,3,5.4,0.0
0.0,0.0,0,0,0,0,0.0,3,3,5.4,0.0
0.0,0.0,0,0,0,0,0.0,3,3,5.4,0.0
0.0,0.0,0,0,0,0,0.0,3,3,5.4,0.0
1.2,38.0,0,0,17,425,1.7,3,3,5.3,0.0
1.2,38.0,0,0,17,425,1.7,3,3,5.3,0.0
1.2,38.0,0,0,17,425,1.7,3,3,5.3,0.0
1.2,38.0,0,0,17,425,1.7,3,3,5.3,0.0
1.2,38.0,0,0,17,425,1.7,3,3,5.3,0.0
1.2,38.0,0,0,17,425,1.7,3,3,5.3,0.0
1.2,38.0,0,0,17,425,1.7,3,3,5.3,0.0
0.0,0.0,0,0,0,0,0.0,3,3,4.8,0.0
0.0,0.0,0,0,0,0,0.0,3,3,4.8,0.0
0.0,0.0,0,0,0,0,0.0,3,3,4.8,0.0
0.0,0.0,0,0,0,0,0.0,3,3,4.8,0.0
0.0,0.0,0,0,0,0,0.0,3,3,4.8,0.0
0.0,0.0,0,0,0,0,0.0,3,3,4.8,0.0
0.0,0.0,0,0,0,0,0.0,3,3,4.8,0.0
0.0,0.0,0,0,0,0,0.0,3,3,4.9,0.0
0.0,0.0,0,0,0,0,0.0,3,3,4.9,0.0
0.0,0.0,0,0,0,0,0.0,3,3,4.9,0.0
0.0,0.0,0,0,0,0,0.0,3,3,4.9,0.0
0.0,0.0,0,0,0,0,0.0,3,3,4.9,0.0
0.0,0.0,0,0,0,0,0.0,3,3,4.9,0.0
0.0,0.0,0,0,0,0,0.0,3,3,4.9,0.0
