id,name,team,position,price,predicted_points,form,ownership
1,Raya,Unknown,GK,5.9,3.0,4.2,31.9
2,Arrizabalaga,Unknown,GK,4.2,2.0,0.0,0.4
3,Hein,Unknown,GK,4.0,2.0,0.0,0.3
4,Setford,Unknown,GK,4.0,2.0,0.0,0.2
5,Gabriel,Unknown,DEF,6.4,5.4,6.8,25.5
6,Saliba,Unknown,DEF,6.0,3.7,3.2,12.8
7,Calafiori,Unknown,DEF,5.8,3.7,4.2,14.5
8,J.Timber,Unknown,DEF,6.3,5.0,4.8,30.5
9,Kiwior,Unknown,DEF,5.4,2.0,0.0,0.1
10,Lewis-Skelly,Unknown,DEF,5.1,2.0,0.6,1.6
11,White,Unknown,DEF,5.3,2.0,0.0,0.4
13,Clarke,Unknown,DEF,3.8,2.0,0.0,0.5
14,Kacurri,Unknown,DEF,3.9,2.0,0.0,0.1
15,Nichols,Unknown,DEF,3.9,2.0,0.0,0.2
16,Saka,Unknown,MID,10.1,9.5,5.8,17.6
17,Ødegaard,Unknown,MID,7.8,2.0,0.0,1.3
18,Madueke,Unknown,MID,6.8,2.0,0.2,0.6
19,Martinelli,Unknown,MID,6.8,2.0,0.4,0.8
20,Trossard,Unknown,MID,6.9,13.5,8.0,1.1
21,Rice,Unknown,MID,6.9,10.5,6.2,22.3
22,Merino,Unknown,MID,5.9,5.5,2.6,1.0
23,Fábio Vieira,Unknown,MID,5.4,2.0,0.0,0.0
24,Nørgaard,Unknown,MID,5.2,2.0,0.4,0.1
25,Nwaneri,Unknown,MID,5.1,2.0,0.4,0.1
26,Zubimendi,Unknown,MID,5.4,5.0,3.6,2.8
28,Kabia,Unknown,MID,4.5,2.0,0.0,0.1
29,Sambi,Unknown,MID,4.5,2.0,0.0,0.1
30,Havertz,Unknown,FWD,7.3,2.0,0.0,0.3
31,G.Jesus,Unknown,FWD,6.4,2.0,0.0,0.0
266,Eze,Unknown,MID,7.7,12.5,7.8,16.1
662,Mosquera,Unknown,DEF,5.4,2.0,0.6,0.2
666,Gyökeres,Unknown,FWD,8.8,3.8,2.2,11.4
700,Dowman,Unknown,MID,4.3,2.0,0.0,0.5
711,Harriman-Annous,Unknown,MID,4.5,2.0,0.0,0.0
725,Hincapie,Unknown,DEF,5.4,2.0,0.8,0.1
32,Martinez,Unknown,GK,5.0,6.0,5.6,3.6
33,M.Bizot,Unknown,GK,4.3,2.0,0.0,0.5
34,Gauci,Unknown,GK,4.0,2.0,0.0,0.1
35,Marschall,Unknown,GK,4.0,2.0,0.0,0.0
36,Cash,Unknown,DEF,4.6,3.3,5.0,6.4
37,Digne,Unknown,DEF,4.5,4.6,4.4,2.0
38,Konsa,Unknown,DEF,4.4,3.7,3.8,7.9
39,Maatsen,Unknown,DEF,4.2,2.0,0.8,0.4
40,Mings,Unknown,DEF,4.4,2.0,0.2,0.7
41,Pau,Unknown,DEF,4.3,4.6,4.2,0.5
42,A.García,Unknown,DEF,3.9,2.0,0.0,0.2
43,Alex Moreno,Unknown,DEF,4.0,2.0,0.0,2.2
44,Bogarde,Unknown,DEF,4.0,2.0,0.4,0.6
45,Sousa,Unknown,DEF,3.9,2.0,0.0,0.3
46,Yasin,Unknown,DEF,4.0,2.0,0.0,0.1
47,Rogers,Unknown,MID,6.9,9.0,5.6,7.7
48,Tielemans,Unknown,MID,5.9,3.0,1.2,0.6
49,Bailey,Unknown,MID,5.5,2.0,0.0,0.1
50,Buendía,Unknown,MID,5.3,6.0,4.6,0.7
51,Iling Jr,Unknown,MID,5.5,2.0,0.0,0.0
53,Malen,Unknown,MID,5.1,5.5,2.8,0.8
54,McGinn,Unknown,MID,5.4,2.5,2.0,0.6
55,Barkley,Unknown,MID,4.8,5.5,2.6,0.1
56,Barrenechea,Unknown,MID,5.0,2.0,0.0,0.0
57,Dobbin,Unknown,MID,5.0,2.0,0.0,0.0
58,Kamara,Unknown,MID,4.9,4.0,2.4,0.2
59,Onana,Unknown,MID,4.8,5.0,3.4,0.7
60,Broggio,Unknown,MID,4.5,2.0,0.0,0.3
61,Dendoncker,Unknown,MID,4.5,2.0,0.0,0.1
62,Jimoh-Aloba,Unknown,MID,4.5,2.0,0.0,0.1
63,Young,Unknown,MID,4.4,2.0,0.0,0.6
64,Watkins,Unknown,FWD,8.5,3.2,1.8,6.7
65,Redmond,Unknown,FWD,4.5,2.0,0.0,0.3
389,Elliott,Unknown,MID,5.4,2.0,0.0,0.2
456,Sancho,Unknown,MID,5.8,2.0,0.8,0.2
677,Guessand,Unknown,MID,6.2,2.0,1.0,0.0
688,Wright,Unknown,GK,4.0,2.0,0.0,0.5
701,Rowe,Unknown,DEF,4.0,2.0,0.0,0.1
702,Burrowes,Unknown,MID,4.4,2.0,0.0,0.1
703,Proctor,Unknown,GK,4.0,2.0,0.0,0.2
710,Patterson,Unknown,DEF,3.9,2.0,0.0,0.2
719,Lindelöf,Unknown,DEF,4.5,2.0,0.0,0.0
754,George Hemmings,Unknown,MID,4.5,2.0,0.0,0.0
183,Weiss,Unknown,GK,4.3,2.0,0.0,0.1
184,Green,Unknown,GK,4.0,2.0,0.0,0.2
185,Hladký,Unknown,GK,4.0,2.0,0.0,0.2
186,Roberts,Unknown,DEF,4.4,2.0,0.0,0.0
187,Walker,Unknown,DEF,4.4,2.0,3.6,1.5
188,Delcroix,Unknown,DEF,3.9,2.0,0.0,0.2
189,Dodgson,Unknown,DEF,4.0,2.0,0.0,0.0
190,Ekdal,Unknown,DEF,4.0,2.0,0.2,1.0
191,Estève,Unknown,DEF,3.9,2.9,3.2,11.7
192,Hartman,Unknown,DEF,4.0,2.0,3.2,1.0
193,Humphreys,Unknown,DEF,4.0,2.0,0.0,0.1
194,Jordan,Unknown,DEF,4.0,2.0,0.0,0.1
195,Lucas Pires,Unknown,DEF,3.8,2.0,0.2,0.2
196,Sambo,Unknown,DEF,4.0,2.0,0.0,0.0
197,Sonne,Unknown,DEF,3.9,2.0,0.0,0.1
198,Tuanzebe,Unknown,DEF,3.9,2.9,3.2,1.8
199,Worrall,Unknown,DEF,3.9,2.0,0.0,0.2
200,Anthony,Unknown,MID,5.6,3.0,2.0,4.6
201,Benson,Unknown,MID,5.4,2.0,0.0,0.0
202,Bruun Larsen,Unknown,MID,5.3,2.0,1.2,0.0
203,Boateng,Unknown,MID,4.8,2.0,0.0,0.0
204,Churlinov,Unknown,MID,4.9,2.0,0.0,0.0
205,Cullen,Unknown,MID,5.0,6.5,3.6,2.4
206,Edwards,Unknown,MID,4.7,2.0,0.4,0.1
207,Hannibal,Unknown,MID,4.8,2.5,1.8,0.1
208,Koleosho,Unknown,MID,5.0,2.0,0.0,0.0
209,Laurent,Unknown,MID,4.9,2.0,1.0,0.0
210,Tchaouna,Unknown,MID,4.9,2.5,2.2,0.0
211,A.Ramsey,Unknown,MID,4.4,2.0,0.0,1.9
212,Adewumi,Unknown,MID,4.5,2.0,0.0,0.0
213,Banel,Unknown,MID,4.5,2.0,0.0,0.0
214,Trésor,Unknown,MID,4.4,2.0,0.0,0.1
215,Flemming,Unknown,FWD,5.3,4.3,4.6,0.4
216,Amdouni,Unknown,FWD,4.8,2.0,0.0,0.0
217,Foster,Unknown,FWD,5.0,2.0,1.6,1.5
218,Barnes,Unknown,FWD,4.3,2.0,0.2,1.3
219,Obafemi,Unknown,FWD,4.4,2.0,0.0,0.1
470,Dúbravka,Unknown,GK,4.0,2.0,3.4,33.9
676,Ugochukwu,Unknown,MID,5.0,4.5,4.2,0.1
680,Broja,Unknown,FWD,5.2,2.0,0.6,0.1
722,Florentino,Unknown,MID,5.0,4.0,3.6,0.1
66,Neto,Unknown,GK,4.5,2.0,0.0,0.1
67,Petrović,Unknown,GK,4.5,2.0,2.8,5.8
68,Dennis,Unknown,GK,4.0,2.0,0.0,1.0
69,McKenna,Unknown,GK,4.0,2.0,0.0,0.2
70,Paulsen,Unknown,GK,4.0,2.0,0.0,0.1
71,Zabarnyi,Unknown,DEF,5.0,2.0,0.0,0.0
72,Senesi,Unknown,DEF,5.0,3.3,3.0,26.4
73,Smith,Unknown,DEF,4.4,2.0,0.4,0.2
74,Truffert,Unknown,DEF,4.5,2.0,2.6,2.5
75,Akinmboni,Unknown,DEF,3.9,2.0,0.0,0.2
76,Bevan,Unknown,DEF,3.9,2.0,0.0,0.2
77,Hill,Unknown,DEF,4.0,2.0,0.2,0.8
78,J.Araujo,Unknown,DEF,3.9,2.0,0.0,0.7
79,Mepham,Unknown,DEF,4.0,2.0,0.0,0.1
80,Soler,Unknown,DEF,4.0,2.0,0.0,0.2
81,Kluivert,Unknown,MID,7.0,2.0,1.2,0.8
82,Semenyo,Unknown,MID,7.9,2.0,1.8,55.7
84,Tavernier,Unknown,MID,5.5,5.5,5.4,2.0
85,Adams,Unknown,MID,5.0,6.0,4.2,0.5
86,Brooks,Unknown,MID,5.0,2.0,0.8,0.2
87,Christie,Unknown,MID,5.0,2.0,1.8,0.1
88,Cook,Unknown,MID,4.9,3.0,1.6,0.0
89,Philip,Unknown,MID,4.9,2.0,0.0,0.0
90,Scott,Unknown,MID,5.0,4.0,2.6,0.3
91,Sinisterra,Unknown,MID,5.0,2.0,0.0,0.0
92,Faivre,Unknown,MID,4.5,2.0,0.0,0.1
93,H.Traorè,Unknown,MID,4.5,2.0,0.0,0.4
94,Sadi,Unknown,MID,4.5,2.0,0.0,0.0
95,Silcott-Duberry,Unknown,MID,4.4,2.0,0.0,0.1
96,Winterburn,Unknown,MID,4.5,2.0,0.0,0.0
97,Evanilson,Unknown,FWD,7.0,4.3,1.6,1.5
98,Enes Ünal,Unknown,FWD,5.4,3.2,1.4,0.0
99,Adu-Adjei,Unknown,FWD,4.4,2.0,0.0,0.2
100,Kroupi.Jr,Unknown,FWD,4.6,2.7,4.6,4.6
391,Gannon-Doak,Unknown,MID,4.9,2.0,0.4,0.0
685,Diakité,Unknown,DEF,4.5,2.0,0.8,0.4
687,Rees-Dottin,Unknown,MID,4.4,2.0,0.0,0.1
697,Adli,Unknown,MID,5.4,2.0,0.8,0.0
713,A.Jimenez,Unknown,DEF,4.5,2.0,1.6,0.0
721,Milosavljević,Unknown,DEF,4.5,2.0,1.6,0.0
27,Nelson,Unknown,MID,4.8,2.0,0.4,0.1
83,O.Dango,Unknown,MID,6.0,5.5,5.0,0.8
101,Kelleher,Unknown,GK,4.5,2.0,2.6,7.8
102,Balcombe,Unknown,GK,4.0,2.0,0.0,0.3
103,Cox,Unknown,GK,4.0,2.0,0.0,0.1
104,Eyestone,Unknown,GK,3.9,2.0,0.0,0.1
105,Valdimarsson,Unknown,GK,3.9,2.0,0.0,0.7
106,Collins,Unknown,DEF,4.9,2.0,3.0,1.3
107,Lewis-Potter,Unknown,DEF,4.8,2.0,1.0,0.3
108,Ajer,Unknown,DEF,4.4,2.1,3.0,0.2
109,Henry,Unknown,DEF,4.3,2.0,0.4,0.1
110,Kayode,Unknown,DEF,4.5,2.5,3.2,0.6
111,Pinnock,Unknown,DEF,4.3,2.0,0.0,0.1
112,Roerslev,Unknown,DEF,4.5,2.0,0.0,0.0
113,Van den Berg,Unknown,DEF,4.5,3.3,3.4,0.8
114,Arthur,Unknown,DEF,3.9,2.0,0.0,0.2
115,Fredrick,Unknown,DEF,4.0,2.0,0.0,0.1
116,Hickey,Unknown,DEF,4.0,2.0,0.6,0.3
117,Ji-soo,Unknown,DEF,3.9,2.0,0.0,0.1
118,Meghoma,Unknown,DEF,4.0,2.0,0.0,0.0
120,Schade,Unknown,MID,7.0,5.5,4.8,1.6
121,Damsgaard,Unknown,MID,5.8,3.0,3.2,0.6
122,Milambo,Unknown,MID,5.2,2.0,0.0,0.0
123,Carvalho,Unknown,MID,4.8,2.0,0.2,0.2
124,Henderson,Unknown,MID,5.0,2.5,1.8,0.4
125,Janelt,Unknown,MID,4.9,2.0,1.4,0.0
126,Jensen,Unknown,MID,4.9,2.0,2.0,0.1
127,Nunes,Unknown,MID,4.9,2.0,0.0,0.0
128,Onyeka,Unknown,MID,4.9,2.0,0.2,0.1
129,Yarmoliuk,Unknown,MID,5.0,4.0,2.4,0.1
130,Donovan,Unknown,MID,4.5,2.0,0.0,0.1
131,Konak,Unknown,MID,4.4,2.0,0.0,0.2
132,Maghoma,Unknown,MID,4.5,2.0,0.0,0.0
133,Peart-Harris,Unknown,MID,4.4,2.0,0.0,0.0
134,Trevitt,Unknown,MID,4.5,2.0,0.0,0.0
136,Thiago,Unknown,FWD,6.5,10.3,6.4,17.6
137,Morgan,Unknown,FWD,4.4,2.0,0.0,0.4
748,Dasilva,Unknown,MID,5.0,2.0,0.0,0.0
138,Steele,Unknown,GK,4.3,2.0,0.0,0.3
139,Verbruggen,Unknown,GK,4.4,6.3,4.4,4.1
140,McGill,Unknown,GK,4.0,2.0,0.0,0.3
141,Rushworth,Unknown,GK,4.0,2.0,0.0,0.0
142,Scherpen,Unknown,GK,4.0,2.0,0.0,0.0
143,Boscagli,Unknown,DEF,4.2,2.0,0.0,0.1
144,Coppola,Unknown,DEF,4.3,2.0,0.2,0.1
145,De Cuyper,Unknown,DEF,4.3,2.0,0.6,1.7
146,Dunk,Unknown,DEF,4.5,5.4,3.0,1.1
147,Estupiñan,Unknown,DEF,4.5,2.0,0.0,0.0
148,F.Kadıoğlu,Unknown,DEF,4.4,5.8,3.0,0.2
150,Lamptey,Unknown,DEF,4.4,2.0,0.0,0.1
151,Van Hecke,Unknown,DEF,4.4,5.8,4.0,1.5
152,Veltman,Unknown,DEF,4.3,2.0,0.2,0.1
153,Webster,Unknown,DEF,4.4,2.0,0.0,0.0
154,Cashin,Unknown,DEF,4.0,2.0,0.0,0.0
155,Slater,Unknown,DEF,4.0,2.0,0.0,0.1
156,Tasker,Unknown,DEF,3.9,2.0,0.0,0.1
157,Mitoma,Unknown,MID,6.1,2.0,0.0,1.9
158,Georginio,Unknown,MID,5.7,3.5,3.2,0.4
159,March,Unknown,MID,5.8,2.0,0.0,0.0
160,Minteh,Unknown,MID,6.1,11.5,6.0,6.8
161,Enciso,Unknown,MID,5.4,2.0,0.0,0.0
162,Gruda,Unknown,MID,5.4,2.0,0.0,0.0
163,Hinshelwood,Unknown,MID,5.1,3.5,1.4,0.0
164,O'Riley,Unknown,MID,5.5,2.0,0.0,0.4
165,Sima,Unknown,MID,5.4,2.0,0.0,0.0
166,Ayari,Unknown,MID,4.9,5.0,2.6,0.3
167,Baleba,Unknown,MID,4.7,3.0,1.8,2.0
169,Gomez,Unknown,MID,4.9,10.0,4.4,0.3
170,Milner,Unknown,MID,4.9,2.0,1.0,0.1
171,Sarmiento,Unknown,MID,4.9,2.0,0.0,0.0
172,Watson,Unknown,MID,4.8,2.0,0.4,0.0
173,Wieffer,Unknown,MID,4.9,8.5,5.6,0.4
174,Yalcouye,Unknown,MID,5.0,2.0,0.0,0.0
175,Knight,Unknown,MID,4.5,2.0,0.2,0.1
176,Mazilu,Unknown,MID,4.5,2.0,0.0,0.0
177,Moran,Unknown,MID,4.5,2.0,0.0,0.0
178,Welbeck,Unknown,FWD,6.6,8.7,7.0,10.3
179,Ferguson,Unknown,FWD,5.5,2.0,0.0,0.0
180,Tzimas,Unknown,FWD,5.3,2.0,0.8,0.1
181,Kostoulas,Unknown,FWD,4.8,2.0,1.6,0.3
744,Oriola,Unknown,MID,4.5,2.0,0.2,0.0
168,Buonanotte,Unknown,MID,4.7,2.0,0.0,0.1
220,Sánchez,Unknown,GK,4.8,6.0,4.8,13.5
221,Jörgensen,Unknown,GK,4.3,2.0,0.0,0.2
222,Penders,Unknown,GK,4.0,2.0,0.0,0.0
223,Slonina,Unknown,GK,3.9,2.0,0.0,0.1
224,Cucurella,Unknown,DEF,6.1,7.9,5.6,22.9
225,James,Unknown,DEF,5.6,3.7,5.6,8.1
226,Chalobah,Unknown,DEF,5.1,7.9,5.2,8.4
227,Colwill,Unknown,DEF,4.8,2.0,0.0,0.1
228,Gusto,Unknown,DEF,4.9,9.2,5.0,1.6
229,B.Badiashile,Unknown,DEF,4.4,2.0,0.0,0.0
230,Fofana,Unknown,DEF,4.4,5.0,2.4,0.2
231,M.Sarr,Unknown,DEF,4.5,2.0,0.0,0.0
232,Tosin,Unknown,DEF,4.2,4.6,2.6,0.4
233,Acheampong,Unknown,DEF,3.9,2.0,3.2,2.0
234,Anselmino,Unknown,DEF,4.0,2.0,0.0,0.1
235,Palmer,Unknown,MID,10.3,2.0,0.0,8.8
236,Neto,Unknown,MID,7.1,10.0,8.0,6.9
237,Enzo,Unknown,MID,6.7,8.0,3.6,13.3
238,Estêvão,Unknown,MID,6.5,2.5,1.8,2.8
239,Gittens,Unknown,MID,6.1,4.0,2.0,0.1
240,Nkunku,Unknown,MID,5.9,2.0,0.0,0.1
241,Caicedo,Unknown,MID,6.1,6.0,3.0,22.6
243,George,Unknown,MID,4.9,2.0,0.2,0.1
244,Lavia,Unknown,MID,4.9,2.0,0.4,0.0
245,Mudryk,Unknown,MID,4.9,2.0,0.0,0.0
246,Andrey Santos,Unknown,MID,4.5,3.0,1.4,0.3
247,D.Essugo,Unknown,MID,4.3,2.0,0.0,0.1
248,Paez,Unknown,MID,4.5,2.0,0.0,0.0
249,João Pedro,Unknown,FWD,7.5,9.2,4.2,46.1
250,Delap,Unknown,FWD,6.2,2.2,0.8,1.0
251,N.Jackson,Unknown,FWD,6.5,2.0,0.0,0.1
252,Marc Guiu,Unknown,FWD,4.2,2.7,1.6,7.1
453,Garnacho,Unknown,MID,6.4,7.0,4.2,1.1
672,Hato,Unknown,DEF,4.7,2.0,0.0,0.2
743,Emenalo,Unknown,MID,4.5,2.0,0.0,0.0
253,Henderson,Unknown,GK,5.0,7.0,4.8,8.0
254,Benitez,Unknown,GK,4.0,2.0,0.0,0.3
255,Matthews,Unknown,GK,3.9,2.0,0.0,0.1
256,Muñoz,Unknown,DEF,5.9,10.8,7.6,20.6
257,Lacroix,Unknown,DEF,5.0,10.4,6.0,4.7
258,Mitchell,Unknown,DEF,5.0,9.6,5.2,2.6
259,Sosa,Unknown,DEF,4.8,2.0,0.2,0.1
260,Guéhi,Unknown,DEF,5.1,6.2,4.6,34.7
261,Richards,Unknown,DEF,4.6,8.3,5.0,3.8
262,Chadi Riad,Unknown,DEF,4.0,2.0,0.0,0.0
263,Clyne,Unknown,DEF,3.8,2.0,0.0,0.5
264,Holding,Unknown,DEF,4.0,2.0,0.0,0.0
265,Kporha,Unknown,DEF,4.0,2.0,0.0,0.0
267,Sarr,Unknown,MID,6.7,4.5,2.6,13.2
268,Doucouré,Unknown,MID,4.9,2.0,0.0,0.0
269,Esse,Unknown,MID,4.7,2.0,0.0,0.1
270,Hughes,Unknown,MID,4.8,2.0,0.8,0.1
271,Kamada,Unknown,MID,5.0,5.5,3.0,0.2
272,Lerma,Unknown,MID,4.9,6.5,2.8,0.1
273,Wharton,Unknown,MID,5.0,4.5,2.6,0.4
274,Agbinone,Unknown,MID,4.4,2.0,0.0,0.0
275,Ahamada,Unknown,MID,4.4,2.0,0.0,0.0
276,Devenny,Unknown,MID,4.3,2.0,0.4,1.2
277,Ebiowei,Unknown,MID,4.5,2.0,0.0,0.0
278,J.Rak-Sakyi,Unknown,MID,4.4,2.0,0.0,0.0
279,M.França,Unknown,MID,4.5,2.0,0.0,0.0
280,Ozoh,Unknown,MID,4.5,2.0,0.0,0.0
281,Rodney,Unknown,MID,4.5,2.0,0.0,0.0
282,Umeh,Unknown,MID,4.5,2.0,0.0,0.0
283,Mateta,Unknown,FWD,8.1,6.5,6.2,30.0
284,Nketiah,Unknown,FWD,5.4,2.0,0.6,0.3
285,Édouard,Unknown,FWD,5.0,2.0,0.0,0.2
286,Marsh,Unknown,FWD,4.5,2.0,0.0,0.3
690,Cardines,Unknown,MID,4.4,2.0,0.0,0.4
712,Yeremy,Unknown,MID,5.8,6.0,2.8,0.2
723,Canvot,Unknown,DEF,4.5,5.0,2.4,0.0
732,Uche,Unknown,FWD,5.5,2.0,0.2,0.0
242,Dewsbury-Hall,Unknown,MID,4.9,12.0,5.6,2.9
287,Pickford,Unknown,GK,5.5,6.3,4.4,9.5
288,Travers,Unknown,GK,4.4,2.0,0.0,0.1
289,Tyrer,Unknown,GK,3.9,2.0,0.0,0.1
290,Branthwaite,Unknown,DEF,5.3,2.0,0.0,0.2
291,Tarkowski,Unknown,DEF,5.4,6.2,3.8,5.6
292,Mykolenko,Unknown,DEF,4.9,7.1,3.8,0.4
293,O'Brien,Unknown,DEF,4.9,3.7,2.2,0.4
294,Coleman,Unknown,DEF,4.3,2.0,0.2,0.1
295,Keane,Unknown,DEF,4.5,11.6,6.0,1.7
296,Patterson,Unknown,DEF,4.4,2.0,0.0,0.0
297,Dixon,Unknown,DEF,3.9,2.0,0.0,0.2
298,Welch,Unknown,DEF,3.9,2.0,0.0,0.1
299,Ndiaye,Unknown,MID,6.6,7.5,4.2,11.4
300,McNeil,Unknown,MID,5.5,2.0,0.6,0.1
301,Alcaraz,Unknown,MID,5.2,2.0,0.8,0.1
302,Gana,Unknown,MID,5.4,6.0,3.2,0.1
303,Garner,Unknown,MID,5.0,5.5,3.0,0.7
304,Iroegbunam,Unknown,MID,4.9,3.5,1.6,0.0
305,Armstrong,Unknown,MID,4.5,2.0,0.0,0.1
306,Bates,Unknown,MID,4.4,2.0,0.0,0.1
307,Ebere,Unknown,MID,4.4,2.0,0.0,0.0
308,Heath,Unknown,MID,4.5,2.0,0.0,0.0
309,Metcalfe,Unknown,MID,4.5,2.0,0.0,0.0
310,Barry,Unknown,FWD,5.7,2.2,1.2,0.3
311,Beto,Unknown,FWD,5.1,2.0,1.4,2.9
312,Y.Chermiti,Unknown,FWD,4.9,2.0,0.0,0.1
313,Sherif,Unknown,FWD,4.4,2.0,0.0,0.1
419,Grealish,Unknown,MID,6.7,4.0,1.8,14.5
630,King,Unknown,GK,3.9,2.0,0.0,1.4
667,Aznou,Unknown,DEF,4.3,2.0,0.0,0.1
704,Onyango,Unknown,MID,4.5,2.0,0.0,0.1
705,Campbell,Unknown,DEF,3.9,2.0,0.0,0.2
707,Dibling,Unknown,MID,5.4,2.0,0.0,0.0
728,Röhl,Unknown,MID,5.0,2.0,0.6,0.0
314,Leno,Unknown,GK,5.0,4.7,3.8,1.5
315,Benda,Unknown,GK,4.0,2.0,0.0,0.0
316,Robinson,Unknown,DEF,4.9,2.0,0.0,0.4
317,Andersen,Unknown,DEF,4.5,7.9,4.0,2.9
318,Bassey,Unknown,DEF,4.5,7.1,3.8,0.6
319,Castagne,Unknown,DEF,4.3,2.0,0.8,0.1
320,Diop,Unknown,DEF,4.3,2.0,0.4,0.1
321,J.Cuenca,Unknown,DEF,4.3,2.0,0.8,0.0
322,Tete,Unknown,DEF,4.5,6.2,3.4,0.2
323,Amissah,Unknown,DEF,3.9,2.0,0.0,0.1
324,Iwobi,Unknown,MID,6.5,4.0,2.6,1.3
325,Smith Rowe,Unknown,MID,5.6,2.0,1.0,0.4
326,Adama,Unknown,MID,5.2,2.0,1.0,0.2
327,Andreas,Unknown,MID,5.3,2.0,0.0,0.1
328,Sessegnon,Unknown,MID,5.4,10.5,5.4,0.8
329,Wilson,Unknown,MID,5.2,6.5,3.0,0.4
330,Berge,Unknown,MID,4.9,5.0,2.8,0.1
331,Cairney,Unknown,MID,4.9,2.0,0.8,0.0
332,Lukić,Unknown,MID,5.0,2.0,1.8,0.1
333,Godo,Unknown,MID,4.5,2.0,0.0,0.0
334,Harris,Unknown,MID,4.5,2.0,0.0,0.0
335,King,Unknown,MID,4.5,3.5,2.0,3.8
336,Reed,Unknown,MID,4.3,2.0,0.2,0.3
337,Raúl,Unknown,FWD,6.2,6.5,3.8,0.9
338,Muniz,Unknown,FWD,5.4,2.0,0.4,0.9
664,Lecomte,Unknown,GK,3.9,2.0,0.0,0.8
727,Chukwueze,Unknown,MID,5.3,3.0,1.2,0.0
731,Kevin,Unknown,MID,5.9,4.0,2.0,0.1
737,Kusi-Asare,Unknown,FWD,4.5,2.0,0.2,0.1
339,Meslier,Unknown,GK,4.3,2.0,0.0,0.4
340,Cairns,Unknown,GK,3.9,2.0,0.0,0.2
341,Darlow,Unknown,GK,4.0,2.0,0.2,2.2
342,Bogle,Unknown,DEF,4.5,2.0,1.0,0.2
343,Struijk,Unknown,DEF,4.4,2.0,0.2,0.3
344,Bijol,Unknown,DEF,3.9,2.0,1.2,0.2
345,Bornauw,Unknown,DEF,3.9,2.0,0.0,0.1
346,Byram,Unknown,DEF,3.9,2.0,0.0,0.2
347,Gudmundsson,Unknown,DEF,4.0,2.0,1.0,4.3
348,Rodon,Unknown,DEF,4.1,2.1,3.8,6.2
349,Schmidt,Unknown,DEF,4.0,2.0,0.0,0.1
350,Aaronson,Unknown,MID,5.4,5.5,4.8,0.2
351,Gnonto,Unknown,MID,5.2,2.0,0.0,0.1
352,Harrison,Unknown,MID,5.1,2.0,1.0,0.1
353,James,Unknown,MID,5.3,2.0,1.0,0.1
354,Ampadu,Unknown,MID,4.9,3.5,2.6,0.1
355,Greenwood,Unknown,MID,4.9,2.0,0.0,0.0
356,Gruev,Unknown,MID,4.8,2.0,0.0,0.0
357,Ramazani,Unknown,MID,4.9,2.0,0.0,0.0
358,Tanaka,Unknown,MID,4.8,2.0,1.6,0.1
359,Crew,Unknown,MID,4.5,2.0,0.0,0.0
360,Gelhardt,Unknown,MID,4.5,2.0,0.0,0.0
361,Gyabi,Unknown,MID,4.5,2.0,0.0,0.0
362,Piroe,Unknown,FWD,5.0,2.0,0.6,0.4
363,Bamford,Unknown,FWD,4.9,2.0,0.0,0.4
364,Mateo Joseph,Unknown,FWD,5.0,2.0,0.0,0.0
365,Nmecha,Unknown,FWD,5.0,9.2,3.8,0.7
493,Longstaff,Unknown,MID,4.9,2.0,2.4,0.9
660,Stach,Unknown,MID,4.8,4.5,2.2,1.8
665,Perri,Unknown,GK,4.5,2.0,1.2,0.2
691,Calvert-Lewin,Unknown,FWD,5.5,2.2,1.6,0.9
698,Okafor,Unknown,MID,5.5,3.0,2.0,0.2
706,Justin,Unknown,DEF,3.9,2.0,0.2,0.2
741,Gray,Unknown,FWD,4.5,2.0,0.0,0.1
366,A.Becker,Unknown,GK,5.4,2.0,0.4,5.5
367,Mamardashvili,Unknown,GK,4.3,4.7,3.4,1.1
368,Pécsi,Unknown,GK,3.9,2.0,0.0,0.4
369,Woodman,Unknown,GK,3.9,2.0,0.0,0.2
370,Frimpong,Unknown,DEF,5.7,2.0,0.2,4.8
371,Kerkez,Unknown,DEF,5.7,2.0,1.8,3.2
372,Robertson,Unknown,DEF,5.8,3.7,2.0,1.0
373,Virgil,Unknown,DEF,6.0,3.7,3.0,26.6
374,Konaté,Unknown,DEF,5.4,3.7,3.0,3.0
375,Bradley,Unknown,DEF,5.0,2.5,2.4,0.3
376,Gomez,Unknown,DEF,4.9,2.0,0.4,0.1
377,Tsimikas,Unknown,DEF,4.8,2.0,0.0,0.1
378,Nallo,Unknown,DEF,3.8,2.0,0.0,0.3
379,R.Williams,Unknown,DEF,3.8,2.0,0.0,0.3
380,Ramsay,Unknown,DEF,3.8,2.0,0.0,0.3
381,M.Salah,Unknown,MID,14.2,7.0,4.4,23.3
382,Wirtz,Unknown,MID,8.0,2.0,1.2,6.6
383,Luis Díaz,Unknown,MID,8.0,2.0,0.0,0.0
384,Gakpo,Unknown,MID,7.5,3.0,3.0,13.1
385,Chiesa,Unknown,MID,6.4,2.0,1.2,0.3
386,Mac Allister,Unknown,MID,6.3,4.5,2.4,1.2
387,Szoboszlai,Unknown,MID,6.6,2.5,3.8,5.8
388,C.Jones,Unknown,MID,5.4,2.0,1.0,0.1
390,Gravenberch,Unknown,MID,5.6,7.0,3.2,5.0
392,Endo,Unknown,MID,4.9,2.0,0.0,0.1
393,Bajcetic,Unknown,MID,4.3,2.0,0.0,0.0
394,McConnell,Unknown,MID,4.4,2.0,0.0,0.0
395,Morton,Unknown,MID,4.5,2.0,0.0,0.0
396,Nyoni,Unknown,MID,4.3,2.0,0.0,0.5
397,Darwin,Unknown,FWD,6.5,2.0,0.0,0.1
398,Danns,Unknown,FWD,4.3,2.0,0.0,0.1
499,Isak,Unknown,FWD,10.4,2.0,0.8,4.6
661,Ekitiké,Unknown,FWD,8.5,2.2,1.4,14.9
686,Ngumoha,Unknown,MID,4.4,2.0,0.4,0.5
692,Leoni,Unknown,DEF,4.9,2.0,0.0,0.0
746,Morrison,Unknown,MID,4.5,2.0,0.0,0.0
182,Trafford,Unknown,GK,4.6,2.0,0.0,1.1
399,Ederson M.,Unknown,GK,5.3,2.0,0.0,0.9
400,Ortega Moreno,Unknown,GK,4.8,2.0,0.0,0.2
401,Bettinelli,Unknown,GK,4.0,2.0,0.0,0.1
402,Aït-Nouri,Unknown,DEF,5.7,2.0,0.2,4.6
403,Gvardiol,Unknown,DEF,5.8,3.7,2.2,5.5
404,Akanji,Unknown,DEF,5.4,2.0,0.0,0.3
405,Aké,Unknown,DEF,5.3,2.0,1.2,0.6
406,Khusanov,Unknown,DEF,5.4,2.0,0.0,0.3
407,Matheus N.,Unknown,DEF,5.3,6.7,5.0,1.2
408,Rúben,Unknown,DEF,5.5,6.2,5.0,5.0
409,Stones,Unknown,DEF,5.4,2.0,0.4,0.7
410,Lewis,Unknown,DEF,4.8,2.0,0.2,1.5
411,O’Reilly,Unknown,DEF,5.0,8.3,6.4,5.0
412,Vitor Reis,Unknown,DEF,5.0,2.0,0.0,0.0
413,Marmoush,Unknown,MID,8.3,2.0,0.8,2.6
414,Foden,Unknown,MID,8.0,4.5,2.6,5.2
415,Savinho,Unknown,MID,6.9,2.0,2.0,0.5
416,Bernardo,Unknown,MID,6.3,4.0,2.2,0.5
417,Cherki,Unknown,MID,6.4,9.0,4.0,3.6
418,Doku,Unknown,MID,6.5,7.5,3.4,8.4
420,Gündoğan,Unknown,MID,6.3,2.0,0.0,0.1
421,Rodrigo,Unknown,MID,6.3,2.0,0.2,0.4
422,Kovačić,Unknown,MID,5.9,2.0,0.2,0.0
423,N.Gonzalez,Unknown,MID,5.9,7.0,3.8,0.1
424,Bobb,Unknown,MID,5.3,2.0,0.6,0.2
425,Echeverri,Unknown,MID,5.4,2.0,0.0,0.0
427,Reijnders,Unknown,MID,5.4,2.0,0.8,16.8
428,Nypan,Unknown,MID,5.0,2.0,0.0,0.0
429,Phillips,Unknown,MID,4.8,2.0,0.0,0.1
430,Haaland,Unknown,FWD,14.9,11.3,6.8,71.7
736,Donnarumma,Unknown,GK,5.7,3.0,3.4,10.6
739,Mukasa,Unknown,MID,4.5,2.0,0.0,0.0
740,Mfuni,Unknown,DEF,4.0,2.0,0.0,0.0
742,McAidoo,Unknown,MID,4.5,2.0,0.0,0.0
119,Mbeumo,Unknown,MID,8.6,5.0,6.8,36.0
431,Bayindir,Unknown,GK,4.8,2.0,0.0,0.3
432,Onana,Unknown,GK,4.9,2.0,0.0,0.2
433,Harrison,Unknown,GK,4.0,2.0,0.0,0.0
434,Heaton,Unknown,GK,3.9,2.0,0.0,0.3
435,Mee,Unknown,GK,3.9,2.0,0.0,0.1
436,De Ligt,Unknown,DEF,5.0,5.0,3.0,3.5
437,Martinez,Unknown,DEF,4.8,2.0,0.0,0.1
438,Mazraoui,Unknown,DEF,4.9,2.0,0.4,0.2
439,D.Leon,Unknown,DEF,4.2,2.0,0.0,0.1
440,Dalot,Unknown,DEF,4.4,2.0,1.4,1.0
441,Dorgu,Unknown,DEF,4.2,2.9,1.4,2.7
442,Maguire,Unknown,DEF,4.4,2.5,3.4,0.7
443,Shaw,Unknown,DEF,4.5,2.0,3.0,0.5
444,Yoro,Unknown,DEF,4.4,2.0,1.0,1.6
445,Amass,Unknown,DEF,4.0,2.0,0.0,0.1
446,Fredricson,Unknown,DEF,3.8,2.0,0.0,0.1
447,Heaven,Unknown,DEF,3.8,2.0,0.6,1.3
448,Malacia,Unknown,DEF,3.8,2.0,0.0,0.4
449,B.Fernandes,Unknown,MID,8.9,6.0,4.8,16.5
450,Cunha,Unknown,MID,7.9,3.5,3.4,4.5
451,Rashford,Unknown,MID,7.0,2.0,0.0,0.0
452,Amad,Unknown,MID,6.3,9.5,5.0,1.9
454,Antony,Unknown,MID,5.9,2.0,0.0,0.1
455,Mount,Unknown,MID,5.9,2.0,1.0,0.3
457,Casemiro,Unknown,MID,5.5,8.5,6.4,1.5
458,Mainoo,Unknown,MID,4.7,2.0,0.6,0.4
459,Ugarte,Unknown,MID,4.7,2.0,0.6,0.1
460,Collyer,Unknown,MID,4.5,2.0,0.0,0.0
461,Fitzgerald,Unknown,MID,4.4,2.0,0.0,0.0
462,J.Fletcher,Unknown,MID,4.3,2.0,0.0,0.1
463,Kone,Unknown,MID,4.4,2.0,0.0,0.1
464,Moorhouse,Unknown,MID,4.5,2.0,0.0,0.0
465,Højlund,Unknown,FWD,6.3,2.0,0.0,0.3
466,Zirkzee,Unknown,FWD,5.8,2.0,0.6,0.4
467,Obi,Unknown,FWD,4.3,2.0,0.0,1.4
468,Wheatley,Unknown,FWD,4.5,2.0,0.0,0.1
681,Šeško,Unknown,FWD,7.2,2.0,1.6,3.6
733,Lammens,Unknown,GK,5.0,2.0,1.8,1.5
755,Lacey,Unknown,MID,4.5,2.0,0.0,0.0
52,J.Ramsey,Unknown,MID,5.3,2.0,0.6,0.2
135,Wissa,Unknown,FWD,7.3,2.0,0.0,0.5
469,Pope,Unknown,GK,5.2,3.0,2.8,11.1
471,Gillespie,Unknown,GK,3.9,2.0,0.0,0.1
472,Odysseas,Unknown,GK,4.0,2.0,0.0,0.0
473,Hall,Unknown,DEF,5.2,2.0,0.4,0.8
474,Schär,Unknown,DEF,5.3,2.1,1.2,1.7
475,Botman,Unknown,DEF,4.9,2.0,1.2,0.6
476,Burn,Unknown,DEF,5.1,2.0,1.0,7.4
477,Livramento,Unknown,DEF,4.9,2.0,0.4,2.7
478,Trippier,Unknown,DEF,5.0,2.0,0.6,2.3
479,Krafth,Unknown,DEF,4.3,2.0,0.0,0.0
480,Lascelles,Unknown,DEF,4.3,2.0,0.0,0.1
481,A.Murphy,Unknown,DEF,3.9,2.0,0.0,0.6
482,Ashby,Unknown,DEF,3.9,2.0,0.0,0.1
483,Pivas,Unknown,DEF,3.8,2.0,0.0,0.3
484,Targett,Unknown,DEF,4.0,2.0,0.0,0.2
485,Gordon,Unknown,MID,7.3,2.0,1.0,1.5
486,Elanga,Unknown,MID,6.6,2.0,1.0,3.2
487,Barnes,Unknown,MID,6.3,12.5,5.4,1.0
488,Bruno G.,Unknown,MID,6.6,9.0,6.0,4.0
489,J.Murphy,Unknown,MID,6.1,6.0,4.2,1.1
490,Joelinton,Unknown,MID,5.9,3.0,2.2,0.3
491,Tonali,Unknown,MID,5.4,5.0,2.6,1.2
492,Antoñito C.,Unknown,MID,4.9,2.0,0.0,0.0
494,Willock,Unknown,MID,5.0,2.0,0.4,0.1
495,Hayden,Unknown,MID,4.5,2.0,0.0,0.0
496,Kuol,Unknown,MID,4.4,2.0,0.0,0.0
497,L.Miley,Unknown,MID,4.4,2.0,1.4,1.9
498,White,Unknown,MID,4.5,2.0,0.0,0.0
500,Osula,Unknown,FWD,5.5,2.0,1.2,0.2
501,Neave,Unknown,FWD,4.4,2.0,0.0,0.2
674,Ramsdale,Unknown,GK,4.8,2.0,0.0,0.6
684,Thiaw,Unknown,DEF,4.9,3.3,2.2,0.5
689,Seung soo,Unknown,MID,4.4,2.0,0.0,0.2
714,Woltemade,Unknown,FWD,7.4,4.3,3.6,19.2
753,Ruddy,Unknown,GK,4.0,2.0,0.0,0.0
12,Zinchenko,Unknown,DEF,4.9,2.0,0.2,0.2
426,McAtee,Unknown,MID,5.1,2.0,0.0,0.1
502,Sels,Unknown,GK,4.7,3.7,3.0,7.6
503,C.Miguel,Unknown,GK,4.0,2.0,0.0,0.1
504,Turner,Unknown,GK,4.0,2.0,0.0,0.1
505,Milenković,Unknown,DEF,5.2,5.4,3.0,3.7
506,Murillo,Unknown,DEF,5.3,8.7,4.6,2.2
507,Aina,Unknown,DEF,4.7,2.0,0.0,2.3
508,N.Williams,Unknown,DEF,4.7,6.7,3.6,3.3
509,David Carmo,Unknown,DEF,4.5,2.0,0.0,0.0
510,Jair Cunha,Unknown,DEF,4.3,2.0,0.0,0.1
511,Morato,Unknown,DEF,4.3,2.0,0.2,0.1
512,O.Richards,Unknown,DEF,4.5,2.0,0.0,0.0
513,Abbott,Unknown,DEF,3.9,2.0,0.0,0.2
514,Boly,Unknown,DEF,3.9,2.0,0.0,0.4
515,Gibbs-White,Unknown,MID,7.3,13.0,6.0,3.9
516,Hudson-Odoi,Unknown,MID,5.7,2.0,1.0,0.6
517,Anderson,Unknown,MID,5.3,11.0,5.6,3.2
518,Jota,Unknown,MID,5.4,2.0,0.0,0.0
519,Dominguez,Unknown,MID,5.0,2.0,1.0,0.0
520,O'Brien,Unknown,MID,5.0,2.0,0.0,0.0
521,Sangaré,Unknown,MID,4.9,4.5,2.0,0.1
522,Yates,Unknown,MID,4.7,3.5,1.6,0.1
523,Da Silva Moreira,Unknown,MID,4.5,2.0,0.0,0.1
524,Stamenic,Unknown,MID,4.5,2.0,0.0,0.0
525,Wood,Unknown,FWD,7.2,2.0,0.2,5.6
526,Igor Jesus,Unknown,FWD,5.8,4.3,2.0,0.7
527,Awoniyi,Unknown,FWD,5.2,2.0,0.8,0.3
669,Ndoye,Unknown,MID,5.6,4.5,2.2,1.1
675,Gunn,Unknown,GK,4.0,2.0,0.0,1.4
693,Hutchinson,Unknown,MID,5.4,6.0,2.6,0.0
696,Kalimuendo,Unknown,FWD,6.0,2.0,0.2,0.1
699,Douglas Luiz,Unknown,MID,5.0,2.0,0.4,0.0
715,John,Unknown,GK,4.0,2.0,0.0,0.3
716,Savona,Unknown,DEF,4.5,8.7,4.6,0.1
729,Cuiabano,Unknown,DEF,4.5,2.0,0.0,0.0
734,Bakwa,Unknown,MID,5.9,2.0,0.0,0.0
528,Patterson,Unknown,GK,4.3,2.0,0.0,0.2
529,Moore,Unknown,GK,3.9,2.0,0.0,0.4
530,Nna Noukeu,Unknown,GK,3.9,2.0,0.0,0.1
531,Ballard,Unknown,DEF,4.6,6.2,5.4,3.2
532,Hume,Unknown,DEF,4.5,2.0,3.2,0.4
533,Alese,Unknown,DEF,4.0,2.0,0.0,0.0
534,Anderson,Unknown,DEF,3.9,2.0,0.0,0.4
535,Cirkin,Unknown,DEF,4.0,2.0,0.0,0.0
536,Hjelde,Unknown,DEF,4.0,2.0,0.0,0.0
537,Huggins,Unknown,DEF,4.0,2.0,0.0,0.1
538,Johnson,Unknown,DEF,3.9,2.0,0.0,0.3
539,O'Nien,Unknown,DEF,4.0,2.0,0.0,0.1
540,Pembele,Unknown,DEF,3.9,2.0,0.0,0.4
541,Reinildo,Unknown,DEF,4.0,2.0,1.0,4.2
542,Seelt,Unknown,DEF,4.0,2.0,0.0,0.1
543,Adingra,Unknown,MID,5.0,2.0,0.4,0.5
544,Diarra,Unknown,MID,5.3,2.0,0.0,0.0
545,Roberts,Unknown,MID,5.4,2.0,0.0,0.0
546,Aleksić,Unknown,MID,4.9,2.0,0.0,0.0
547,E.Le Fée,Unknown,MID,4.9,5.0,3.2,0.4
548,Mundle,Unknown,MID,4.9,2.0,0.0,0.0
549,Neil,Unknown,MID,4.8,2.0,0.2,0.0
550,Poveda,Unknown,MID,4.8,2.0,0.0,0.0
551,Rigg,Unknown,MID,4.8,2.0,0.8,0.0
552,Sadiki,Unknown,MID,5.0,4.5,2.8,0.1
553,Talbi,Unknown,MID,5.0,2.0,3.0,0.2
554,Ba,Unknown,MID,4.3,2.0,0.0,0.5
555,Browne,Unknown,MID,4.5,2.0,0.0,0.0
556,Ekwah,Unknown,MID,4.5,2.0,0.0,0.0
557,H.Jones,Unknown,MID,4.4,2.0,0.0,0.1
558,Matete,Unknown,MID,4.4,2.0,0.0,0.2
559,Triantis,Unknown,MID,4.4,2.0,0.0,0.0
560,Isidor,Unknown,FWD,5.6,3.2,3.0,3.4
561,Mayenda,Unknown,FWD,5.3,2.0,0.6,0.6
562,Abdullahi,Unknown,FWD,4.3,2.0,0.0,0.4
563,Luís Hemir,Unknown,FWD,4.4,2.0,0.0,0.1
564,Rusyn,Unknown,FWD,4.4,2.0,0.0,0.1
668,Xhaka,Unknown,MID,5.2,7.5,4.4,6.6
670,Roefs,Unknown,GK,4.7,2.3,3.6,7.9
678,Masuaku,Unknown,DEF,3.9,2.0,0.0,0.7
683,Alderete,Unknown,DEF,4.1,2.0,1.2,4.6
694,Mukiele,Unknown,DEF,4.2,3.7,5.6,6.3
724,Geertruida,Unknown,DEF,4.5,2.1,1.6,0.0
730,Brobbey,Unknown,FWD,5.5,3.8,2.2,0.1
735,Traoré,Unknown,MID,5.5,3.5,3.0,0.1
565,Vicario,Unknown,GK,5.0,2.0,2.6,9.2
566,Austin,Unknown,GK,3.9,2.0,0.0,0.3
567,Kinsky,Unknown,GK,3.9,2.0,0.0,1.9
568,Pedro Porro,Unknown,DEF,5.4,2.0,3.2,16.6
569,Romero,Unknown,DEF,5.0,2.0,0.6,3.8
570,Danso,Unknown,DEF,4.3,2.0,1.8,0.1
571,Davies,Unknown,DEF,4.3,2.0,0.0,0.1
572,Dragusin,Unknown,DEF,4.5,2.0,0.0,0.0
573,Spence,Unknown,DEF,4.5,2.0,2.0,1.5
574,Udogie,Unknown,DEF,4.4,2.1,1.0,0.4
575,Van de Ven,Unknown,DEF,4.8,2.0,5.2,33.7
576,Phillips,Unknown,DEF,4.0,2.0,0.0,0.0
577,Takai,Unknown,DEF,4.0,2.0,0.0,0.1
578,Vuskovic,Unknown,DEF,3.9,2.0,0.0,0.4
579,Son,Unknown,MID,8.5,2.0,0.0,0.1
580,Johnson,Unknown,MID,6.6,2.0,1.4,2.8
581,Maddison,Unknown,MID,6.8,2.0,0.0,0.1
582,Kudus,Unknown,MID,6.5,2.0,1.6,17.0
583,Kulusevski,Unknown,MID,6.4,2.0,0.0,0.0
584,Tel,Unknown,MID,6.3,3.0,1.6,0.1
585,Bentancur,Unknown,MID,5.3,2.0,4.4,0.3
586,Bergvall,Unknown,MID,5.4,2.0,0.6,0.2
587,Bissouma,Unknown,MID,5.2,2.0,0.0,0.0
588,Odobert,Unknown,MID,5.3,5.0,2.4,0.0
589,Solomon,Unknown,MID,5.4,2.0,0.0,0.0
590,Bryan,Unknown,MID,4.9,2.0,0.0,0.0
591,Gray,Unknown,MID,4.8,2.0,0.0,0.1
592,Moore,Unknown,MID,5.0,2.0,0.0,0.0
593,P.M.Sarr,Unknown,MID,4.8,3.5,2.8,1.5
594,Min-hyeok,Unknown,MID,4.5,2.0,0.0,0.0
595,Olusesi,Unknown,MID,4.4,2.0,0.0,0.2
596,Solanke,Unknown,FWD,7.2,2.0,0.0,0.9
597,Richarlison,Unknown,FWD,6.4,7.0,3.6,7.6
598,Lankshear,Unknown,FWD,4.5,2.0,0.0,0.0
599,Scarlett,Unknown,FWD,4.3,2.0,0.0,0.7
673,J.Palhinha,Unknown,MID,5.5,7.5,5.8,1.8
717,Xavi,Unknown,MID,6.6,3.0,2.2,1.2
726,Kolo Muani,Unknown,FWD,6.9,2.2,1.4,0.3
745,Byfield,Unknown,DEF,4.0,2.0,0.0,0.0
750,Rowswell,Unknown,DEF,4.0,2.0,0.0,0.0
751,Akhamrich,Unknown,MID,4.5,2.0,0.0,0.0
149,Igor,Unknown,DEF,4.5,2.1,1.0,0.1
600,Areola,Unknown,GK,4.3,4.7,3.6,2.1
601,Foderingham,Unknown,GK,4.0,2.0,0.0,0.3
602,Hegyi,Unknown,GK,3.9,2.0,0.0,0.2
603,Diouf,Unknown,DEF,4.3,2.5,1.6,2.8
604,Emerson,Unknown,DEF,4.4,2.0,0.0,0.1
605,Kilman,Unknown,DEF,4.3,2.5,2.0,0.2
606,Mavropanos,Unknown,DEF,4.4,2.0,0.2,0.0
607,N.Aguerd,Unknown,DEF,4.4,2.0,0.0,0.0
608,Scarles,Unknown,DEF,4.4,2.0,0.2,0.0
609,Todibo,Unknown,DEF,4.3,4.2,2.2,0.1
610,Wan-Bissaka,Unknown,DEF,4.2,5.0,2.8,5.5
611,Casey,Unknown,DEF,4.0,2.0,0.0,0.1
612,L.Paquetá,Unknown,MID,5.9,6.5,3.2,1.9
613,Souček,Unknown,MID,5.7,9.5,4.6,0.3
614,Ward-Prowse,Unknown,MID,5.6,2.0,0.0,0.2
615,Summerville,Unknown,MID,5.5,3.5,1.8,0.1
616,Álvarez,Unknown,MID,4.9,2.0,0.0,0.1
617,Cornet,Unknown,MID,4.9,2.0,0.0,0.0
618,G.Rodriguez,Unknown,MID,4.8,2.0,0.2,0.0
619,L.Guilherme,Unknown,MID,4.9,2.0,0.2,0.0
620,Earthy,Unknown,MID,4.5,2.0,0.0,0.0
621,Irving,Unknown,MID,4.4,2.0,0.8,0.3
622,Orford,Unknown,MID,4.4,2.0,0.0,0.1
623,Potts,Unknown,MID,4.4,4.0,1.8,0.7
624,Bowen,Unknown,FWD,7.6,4.3,3.0,6.5
625,Füllkrug,Unknown,FWD,5.6,2.0,0.2,0.7
626,Marshall,Unknown,FWD,4.4,2.0,0.2,0.6
659,Walker-Peters,Unknown,DEF,4.3,3.3,2.0,0.3
671,Wilson,Unknown,FWD,5.8,11.4,4.6,0.6
679,Hermansen,Unknown,GK,4.3,2.0,0.0,0.2
708,M.Fernandes,Unknown,MID,5.5,6.0,3.8,0.1
718,S.Magassa,Unknown,MID,5.0,2.0,0.4,0.0
738,Fabianski,Unknown,GK,4.5,2.0,0.0,0.0
747,Mayers,Unknown,DEF,4.0,2.0,0.0,0.0
752,Golambeckis,Unknown,DEF,4.0,2.0,0.0,0.0
627,Johnstone,Unknown,GK,4.5,2.0,1.6,0.1
628,José Sá,Unknown,GK,4.3,2.0,0.0,1.1
629,Bentley,Unknown,GK,4.0,2.0,0.0,0.6
631,Agbadou,Unknown,DEF,4.3,2.0,0.0,0.2
632,Doherty,Unknown,DEF,4.4,2.0,0.4,0.1
633,H.Bueno,Unknown,DEF,4.4,2.0,1.0,0.1
634,Mosquera,Unknown,DEF,4.3,2.0,-0.6,0.1
635,R.Gomes,Unknown,DEF,4.4,2.0,0.6,0.1
636,S.Bueno,Unknown,DEF,4.4,2.0,1.6,0.1
637,Toti,Unknown,DEF,4.3,2.0,0.8,0.1
638,Hoever,Unknown,DEF,3.9,2.0,0.6,0.9
639,Meupiyou,Unknown,DEF,4.0,2.0,0.0,0.0
640,Pedro Lima,Unknown,DEF,4.0,2.0,0.0,0.4
641,Pond,Unknown,DEF,3.9,2.0,0.0,1.4
642,Hee Chan,Unknown,MID,5.7,2.0,0.8,0.1
643,André,Unknown,MID,5.3,3.0,2.4,0.1
644,Bellegarde,Unknown,MID,5.2,2.5,1.2,0.0
645,Fer López,Unknown,MID,5.2,2.0,0.2,0.0
646,Gomes,Unknown,MID,5.3,3.0,1.8,0.1
647,Guedes,Unknown,MID,5.5,2.0,0.0,0.0
648,Munetsi,Unknown,MID,5.4,3.0,3.6,0.1
649,B.Traore,Unknown,MID,5.0,2.0,0.0,0.0
650,Chirewa,Unknown,MID,4.3,2.0,0.0,0.3
651,Edozie,Unknown,MID,4.3,2.0,0.0,0.4
652,Gonzalez,Unknown,MID,4.4,2.0,0.0,1.3
653,Hodge,Unknown,MID,4.5,2.0,0.0,0.0
654,Strand Larsen,Unknown,FWD,6.3,3.2,2.8,1.1
655,Fábio Silva,Unknown,FWD,4.9,2.0,0.0,0.2
656,Kalajdžić,Unknown,FWD,4.9,2.0,0.0,0.1
657,Chiwome,Unknown,FWD,4.4,2.0,0.0,0.0
658,Fraser,Unknown,FWD,4.3,2.0,0.0,1.8
663,J.Arias,Unknown,MID,5.1,2.0,1.2,0.2
682,Møller Wolfe,Unknown,DEF,4.3,2.0,0.4,0.1
695,Tchatchoua,Unknown,DEF,4.5,2.0,1.2,0.0
709,Krejčí,Unknown,DEF,4.5,2.0,1.2,0.1
720,Tolu,Unknown,FWD,5.5,2.0,0.8,0.1
749,Mané,Unknown,FWD,4.5,2.0,0.0,0.0
